,longitude,wind_direction,latitude,humidity,temperature_10cm,wind_direction_degrees,temperature,wind_blast,wind_speedMS,visibility_meters,wind_speedBF,sun_intensity,datetime,water_flow,waves_height,water_drainage,water_level,water_level_belgium_border,tide
249,6.20,WZW,51.50,85,4.2,250,3.9,5.6,3.71,,3,50,11/30/2017 13:50:00,,,,,,
250,5.88,WZW,52.07,87,4.2,253,4.0,5.3,3.19,39700,2,119,11/30/2017 13:50:00,,,,,,
218,4.98,NNW,52.65,92,3.3,334,3.0,8.3,3.58,16800,3,46,11/30/2017 13:50:00,,,,,,
231,3.38,,51.38,,,309,,,12.81,,6,,11/30/2017 13:50:00,,,,,,
213,5.18,W,52.10,85,4.1,266,4.0,3.4,1.91,49900,2,99,11/30/2017 13:50:00,,,,,,
214,4.78,NNO,52.92,86,3.5,14,3.7,5,1.71,29000,2,44,11/30/2017 13:50:00,,,,,,
246,5.42,ZW,51.45,91,3.4,236,3.5,5.3,3.46,37800,3,86,11/30/2017 13:50:00,,,,,,
207,5.77,W,51.20,89,4.0,259,3.9,7.8,5.11,13400,3,87,11/30/2017 13:50:00,,,,,,
243,3.28,,52.00,,,311,,,13.5,,6,,11/30/2017 13:50:00,,,,,,
248,4.93,WZW,51.57,92,3.4,251,3.1,6.2,3.42,43500,3,67,11/30/2017 13:50:00,,,,,,
234,3.90,WNW,51.53,87,4.9,300,4.8,10.7,6.76,,4,94,11/30/2017 13:50:00,,,,,,
201,6.65,WZW,52.07,89,4.5,247,4.5,4.7,2.88,,2,98,11/30/2017 13:50:00,,,,,,
203,6.58,ZW,53.13,89,4.3,235,3.9,4.1,2.72,48600,2,127,11/30/2017 13:50:00,,,,,,
236,4.00,,51.45,,,317,,,9.62,,5,,11/30/2017 13:50:00,,,,,,
205,6.27,WZW,52.43,85,4.7,258,4.5,5.1,3.93,,3,92,11/30/2017 13:50:00,,,,,,
211,5.15,W,51.87,89,4.0,260,3.9,4.6,3.36,,2,103,11/30/2017 13:50:00,,,,,,
229,4.10,N,51.98,88,3.9,8,3.9,7.8,5.73,,4,40,11/30/2017 13:50:00,,,,,,
206,6.52,WNW,52.73,86,4.3,281,4.4,4.2,2.74,48500,2,100,11/30/2017 13:50:00,,,,,,
217,5.35,W,53.38,93,2.6,266,2.6,4.7,1.89,10200,2,20,11/30/2017 13:50:00,,,,,,
220,5.40,W,52.65,,,274,,7.3,6.1,,4,,11/30/2017 13:50:00,,,,,,
209,6.40,,53.57,,,199,,,5.91,,4,,11/30/2017 13:50:00,,,,,,
223,4.52,,52.47,,,301,,,11.13,,6,,11/30/2017 13:50:00,,,,,,
224,4.57,O,52.47,,,81,,5.2,3.77,,3,,11/30/2017 13:50:00,,,,,,
210,6.20,ZW,53.42,84,6.4,232,5.1,4.9,3.11,,2,290,11/30/2017 13:50:00,,,,,,
241,3.67,,51.93,,,318,,,12.58,,6,,11/30/2017 13:50:00,,,,,,
245,5.77,WZW,53.22,86,3.6,257,3.9,4.1,2.61,49100,2,147,11/30/2017 13:50:00,,,,,,
221,5.53,WZW,52.45,88,4.4,238,4.0,5.3,3.96,49600,3,89,11/30/2017 13:50:00,,,,,,
212,4.93,WZW,51.97,89,3.9,249,3.7,5,3.56,48800,3,72,11/30/2017 13:50:00,,,,,,
208,5.78,WZW,50.92,93,3.1,252,2.9,6.8,3.3,30000,2,46,11/30/2017 13:50:00,,,,,,
244,5.88,WZW,52.70,82,5.2,251,4.7,7,4.7,42100,3,173,11/30/2017 13:50:00,,,,,,
204,7.15,WZW,53.20,87,4.3,252,4.2,4.5,3.03,,2,133,11/30/2017 13:50:00,,,,,,
239,3.62,,51.77,,,302,,,13.08,,6,,11/30/2017 13:50:00,,,,,,
227,4.45,WZW,51.95,93,2.4,237,2.4,4,2.88,4460,2,22,11/30/2017 13:50:00,,,,,,
228,4.32,O,51.88,,,88,,2.3,0.99,,1,,11/30/2017 13:50:00,,,,,,
240,3.70,,51.65,,,315,,,12.85,,6,,11/30/2017 13:50:00,,,,,,
226,4.77,NW,52.30,88,3.0,318,3.1,4.7,3.15,10500,2,45,11/30/2017 13:50:00,,,,,,
235,4.00,,51.60,,,320,,,11.61,,6,,11/30/2017 13:50:00,,,,,,
222,5.38,W,52.88,82,3.6,274,4.2,5.5,4.29,49900,3,88,11/30/2017 13:50:00,,,,,,
215,4.75,NO,53.00,,,38,,11.4,6.14,,4,,11/30/2017 13:50:00,,,,,,
237,4.13,,51.52,,,323,,,8.64,,5,,11/30/2017 13:50:00,,,,,,
202,6.90,WZW,52.27,86,4.2,242,4.0,3.9,3.4,17300,2,101,11/30/2017 13:50:00,,,,,,
232,3.25,,51.50,,,318,,,13.34,,6,,11/30/2017 13:50:00,,,,,,
216,4.92,N,53.25,88,3.5,8,3.6,12.3,7.07,18700,4,,11/30/2017 13:50:00,,,,,,
233,3.60,NW,51.45,85,3.6,306,4.2,9.7,5.38,35100,3,31,11/30/2017 13:50:00,,,,,,
247,5.70,ZW,51.65,86,4.6,235,4.2,7.9,5.46,41200,3,167,11/30/2017 13:50:00,,,,,,
230,4.43,ZO,52.12,87,3.7,139,3.5,2,1.36,27300,1,58,11/30/2017 13:50:00,,,,,,
242,3.83,WZW,51.23,96,2.2,244,2.1,5.8,3.65,13000,3,58,11/30/2017 13:50:00,,,,,,
219,5.17,W,52.63,,,276,,4.2,2.33,,2,,11/30/2017 13:50:00,,,,,,
225,4.60,,52.50,91,2.8,0,2.7,,,,0,15,11/30/2017 13:50:00,,,,,,
238,4.33,W,51.45,98,2.1,264,2.4,4.1,1.77,21000,2,,11/30/2017 13:50:00,,,,,,
252,4.73,,54.85,72,,0,5.3,10.1,4.71,36700,3,,11/30/2017 13:50:00,,,,,,
251,3.22,,53.22,,,340,,,13.63,,6,,11/30/2017 13:50:00,,,,,,
263,5791920.145257,,658939.322141,,,,,,,,,,20171130T12:40:00Z,0.009,,9.0,30.0,,
522,5740500.375136,,612969.079464,,,,,,,,,,20171130T12:40:00Z,0.426,,,,,
520,5740488.680422,,612978.447521,,,,,,,,,,20171130T12:40:00Z,0.453,,,,,
496,5740475.963148,,612986.872912,,,,,,,,,,20171130T12:40:00Z,0.456,,,,,
509,5740464.135556,,612995.278339,,,,,,,,,,20171130T12:40:00Z,0.437,,,,,
477,5740452.44089,,613004.646522,,,,,,,,,,20171130T12:40:00Z,0.437,,,,,
481,5740439.723658,,613013.072035,,,,,,,,,,20171130T12:40:00Z,0.463,,,,,
465,5740428.030576,,613022.509247,,,,,,,,,,20171130T12:40:00Z,0.334,,,,,
455,5740415.313374,,613030.934844,,,,,,,,,,20171130T12:40:00Z,0.242,,,,,
430,5740403.493607,,613039.685194,,,,,,,,,,20171130T12:40:00Z,0.714,,,,,
386,5730760.039701,,613054.59646,,,,,,,,,,20171130T12:40:00Z,0.127,,,,,
85,5730772.413997,,613045.749104,,,,,,,,,,20171130T12:40:00Z,0.054,,,,,
82,5730784.131908,,613037.40029,,,,,,,,,,20171130T12:40:00Z,0.047,,,,,
453,5730796.825914,,613027.923847,,,,,,,,,,20171130T12:40:00Z,0.138,,,,,
532,5730808.543853,,613019.575113,,,,,,,,,,20171130T12:40:00Z,0.188,,,,,
547,5730820.238578,,613010.190272,,,,,,,,,,20171130T12:40:00Z,0.083,,,,,
541,5730832.955861,,613001.750103,,,,,,,,,,20171130T12:40:00Z,0.049,,,,,
492,5730844.673843,,612993.401485,,,,,,,,,,20171130T12:40:00Z,0.036,,,,,
497,5730857.36793,,612983.925261,,,,,,,,,,20171130T12:40:00Z,0.023,,,,,
512,5730869.085941,,612975.576723,,,,,,,,,,20171130T12:40:00Z,0.031,,,,,
473,5730881.914487,,612967.134225,,,,,,,,,,20171130T12:40:00Z,0.05,,,,,
466,5730893.609307,,612957.749636,,,,,,,,,,20171130T12:40:00Z,0.074,,,,,
557,5730906.326675,,612949.309714,,,,,,,,,,20171130T12:40:00Z,0.094,,,,,
383,5730918.021527,,612939.925209,,,,,,,,,,20171130T12:40:00Z,0.062,,,,,
376,5730929.739609,,612931.576868,,,,,,,,,,20171130T12:40:00Z,0.086,,,,,
73,5730954.15192,,612913.752689,,,,,,,,,,20171130T12:40:00Z,0.076,,,,,
65,5730966.86936,,612905.312972,,,,,,,,,,20171130T12:40:00Z,0.062,,,,,
68,5730978.564293,,612895.928677,,,,,,,,,,20171130T12:40:00Z,0.025,,,,,
72,5730990.282446,,612887.580532,,,,,,,,,,20171130T12:40:00Z,0.042,,,,,
26,5731002.999929,,612879.140939,,,,,,,,,,20171130T12:40:00Z,0.035,,,,,
422,5738687.44143,,612229.200789,,,,,,,,,,20171130T12:40:00Z,0.82,,,,,
384,5730942.45702,,612923.137068,,,,,,,,,,20171130T12:40:00Z,0.053,,,,,
478,5746385.947008,,614054.563017,,,,,,,,,,20171130T12:40:00Z,0.665,,,,,
323,5740647.002917,,612864.250166,,,,,,,,,,20171130T12:40:00Z,0.019,,,,,
311,5740634.174248,,612872.677517,,,,,,,,,,20171130T12:40:00Z,0.01,,,,,
304,5740622.457678,,612881.079928,,,,,,,,,,20171130T12:40:00Z,0.012,,,,,
345,5740609.761927,,612890.47005,,,,,,,,,,20171130T12:40:00Z,0.039,,,,,
348,5740598.045386,,612898.872541,,,,,,,,,,20171130T12:40:00Z,0.114,,,,,
354,5740585.349668,,612908.262751,,,,,,,,,,20171130T12:40:00Z,0.159,,,,,
391,5740573.633156,,612916.665322,,,,,,,,,,20171130T12:40:00Z,0.163,,,,,
435,5740560.915781,,612925.090423,,,,,,,,,,20171130T12:40:00Z,0.132,,,,,
447,5740549.220987,,612934.458271,,,,,,,,,,20171130T12:40:00Z,0.264,,,,,
443,5740537.504517,,612942.86096,,,,,,,,,,20171130T12:40:00Z,0.329,,,,,
425,5740524.787185,,612951.286184,,,,,,,,,,20171130T12:40:00Z,0.368,,,,,
469,5740513.092439,,612960.654157,,,,,,,,,,20171130T12:40:00Z,0.377,,,,,
259,5746272.620602,,592267.588101,,,,,,,,,,20171130T12:40:00Z,0.683,,,,,
125,5822566.220329,,651339.912523,,,,,,,,,,20171130T12:40:00Z,,24.0,,27.0,,
51,5859900.873859,,641893.412715,,,,,,,,,,20171130T12:40:00Z,,12.0,,8.0,,
347,5860298.308032,,642605.985795,,,,,,,,,,20171130T12:40:00Z,,13.0,,6.0,,
143,5813700.79688,,603084.756918,,,,,,,,,,20171130T12:40:00Z,,150.0,,103.0,,
155,5757231.169463,,579684.940372,,,,,,,,,,20171130T12:40:00Z,,11.0,,107.0,,
538,5864584.144618,,577332.855011,,,,,,,,,,20171130T12:40:00Z,,214.0,,,,
322,5824714.958109,,573153.986862,,,,,,,,,,20171130T12:40:00Z,,207.0,,,,
142,5816113.72678,,585819.536375,,,,,,,,,,20171130T12:40:00Z,,182.0,,,,
119,5760592.897371,,569259.990992,,,,,,,,,,20171130T12:40:00Z,,166.0,,,,
151,5755106.396664,,499770.915918,,,,,,,,,,20171130T12:40:00Z,,228.0,,,,
415,5732587.56863,,521140.702135,,,,,,,,,,20171130T12:40:00Z,,210.0,,,,
200,5762198.872245,,550476.805225,,,,,,,,,,20171130T12:40:00Z,,187.0,,,,
124,5756869.314541,,579315.78417,,,,,,,,,,20171130T12:40:00Z,,10.0,,107.0,,
144,5722993.340583,,548004.476485,,,,,,,,,,20171130T12:40:00Z,,104.0,,102.0,,
315,5931845.617038,,753602.882692,,,,,,,,,,20171130T12:40:00Z,,21.0,,103.0,,
116,5933055.370355,,747112.760101,,,,,,,,,,20171130T12:40:00Z,,9.0,,,,
390,5929208.21009,,712630.911328,,,,,,,,,,20171130T12:40:00Z,,3.0,,83.0,,
253,5932985.614934,,729495.294804,,,,,,,,,,20171130T12:40:00Z,,2.0,,,,
527,5935087.591158,,701210.9313,,,,,,,,,,20171130T12:40:00Z,,140.0,,,,
407,5937960.033728,,728627.341124,,,,,,,,,,20171130T12:40:00Z,,50.0,,,,
2,5935683.051801,,743772.544318,,,,,,,,,,20171130T12:40:00Z,,12.0,,,,
539,5941794.906494,,740446.114961,,,,,,,,,,20171130T12:40:00Z,,78.0,,,,
484,5943102.893473,,709468.383028,,,,,,,,,,20171130T12:40:00Z,,151.0,,,,
448,5946464.71306,,722736.89789,,,,,,,,,,20171130T12:40:00Z,,133.0,,,,
456,5947044.828293,,732910.547324,,,,,,,,,,20171130T12:40:00Z,,146.0,,,,
359,5923648.189778,,683288.335483,,,,,,,,,,20171130T12:40:00Z,,11.0,,73.0,,
427,5847343.709957,,672717.142705,,,,,,,,,,20171130T12:40:00Z,,30.0,,7.0,,
534,5855380.112805,,667019.965162,,,,,,,,,,20171130T12:40:00Z,,34.0,,0.0,,
544,5919291.674522,,679204.019579,,,,,,,,,,20171130T12:40:00Z,,6.0,,,,
94,5929298.158746,,670679.510175,,,,,,,,,,20171130T12:40:00Z,,145.0,,,,
161,5925230.206729,,671843.38573,,,,,,,,,,20171130T12:40:00Z,,77.0,,,,
309,5925495.337207,,672860.98395,,,,,,,,,,20171130T12:40:00Z,,70.0,,,,
24,5929406.190141,,674081.551409,,,,,,,,,,20171130T12:40:00Z,,147.0,,,,
41,5922714.709123,,675181.287296,,,,,,,,,,20171130T12:40:00Z,,27.0,,,,
129,5864821.801182,,649545.774262,,,,,,,,,,20171130T12:40:00Z,,20.0,,8.0,,
337,5934176.074746,,664197.047545,,,,,,,,,,20171130T12:40:00Z,,162.0,,,,
54,5935841.82793,,676213.80577,,,,,,,,,,20171130T12:40:00Z,,159.0,,,,
553,5910075.18959,,640013.257003,,,,,,,,,,20171130T12:40:00Z,,95.0,,,,
379,5910020.899452,,632487.215764,,,,,,,,,,20171130T12:40:00Z,,180.0,,,,
488,5963121.522201,,496708.794769,,,,,,,,,,20171130T12:40:00Z,,249.0,,,,
290,5904280.789389,,610710.616851,,,,,,,,,,20171130T12:40:00Z,,215.0,,,,
12,6141462.204302,,551697.869815,,,,,,,,,,20171130T12:40:00Z,,257.0,,,,
459,5694953.046236,,584169.539965,,,,,,,,,,20171130T12:40:00Z,,14.0,,213.0,,
437,5691582.110635,,579110.499719,,,,,,,,,,20171130T12:40:00Z,,19.0,,,,
542,5703850.432053,,582772.404225,,,,,,,,,,20171130T12:40:00Z,,16.0,,173.0,,
314,5689877.244714,,552026.702428,,,,,,,,,,20171130T12:40:00Z,,21.0,,,,
480,5691679.138303,,564014.587658,,,,,,,,,,20171130T12:40:00Z,,15.0,,,,
76,5698572.247605,,548121.835951,,,,,,,,,,20171130T12:40:00Z,,38.0,,,,
45,5699858.828033,,569316.554583,,,,,,,,,,20171130T12:40:00Z,,10.0,,177.0,,
47,5699870.022692,,569321.823604,,,,,,,,,,20171130T12:40:00Z,,12.0,,178.0,,
108,5721177.616525,,555857.066831,,,,,,,,,,20171130T12:40:00Z,,29.0,,,,
409,5717636.054271,,566986.26297,,,,,,,,,,20171130T12:40:00Z,,31.0,,,,
184,5698499.023206,,528967.395158,,,,,,,,,,20171130T12:40:00Z,,152.0,,,,
25,5718947.291124,,547230.972543,,,,,,,,,,20171130T12:40:00Z,,2.0,,99.0,,
122,5721474.368058,,533236.344109,,,,,,,,,,20171130T12:40:00Z,,196.0,,78.0,,
289,5735254.05848,,542904.767181,,,,,,,,,,20171130T12:40:00Z,,175.0,,80.0,,
513,5691842.745781,,526601.431059,,,,,,,,,,20171130T12:40:00Z,,148.0,,,,
113,5692139.651956,,526380.654363,,,,,,,,,,20171130T12:40:00Z,,147.0,,71.0,,
264,5693475.304018,,525656.536774,,,,,,,,,,20171130T12:40:00Z,,132.0,,,,
154,5694659.255283,,521007.479126,,,,,,,,,,20171130T12:00:00Z,,160.0,,,,
400,5718787.045243,,527627.821957,,,,,,,,,,20171130T12:40:00Z,,192.0,,,,
350,5690021.064229,,508316.61612,,,,,,,,,,20171130T12:30:00Z,,206.0,,52.0,,
493,5690515.917835,,508953.427904,,,,,,,,,,20171130T12:30:00Z,,201.0,,,,
370,5692042.245828,,514460.661332,,,,,,,,,,20171130T12:30:00Z,,205.0,,,,
112,5693572.805199,,503343.058604,,,,,,,,,,20171130T12:00:00Z,,218.0,,,,
14,5693783.401895,,503285.176049,,,,,,,,,,20171130T12:30:00Z,,219.0,,43.0,,
74,5705757.192646,,516799.91264,,,,,,,,,,20171130T12:40:00Z,,216.0,,,,
105,5693283.331269,,460977.276815,,,,,,,,,,20171130T12:30:00Z,,235.0,,8.0,,
351,5692724.268226,,461339.60857,,,,,,,,,,20171130T12:30:00Z,,244.0,,,,
174,5665664.409265,,470268.462852,,,,,,,,,,20171130T12:00:00Z,,170.0,,,,
98,5688788.008948,,479513.843302,,,,,,,,,,20171130T12:30:00Z,,221.0,,,,
11,5695763.096158,,484039.216106,,,,,,,,,,20171130T12:30:00Z,,218.0,,,,
39,5824789.014549,,573077.022007,,,,,,,,,,20171130T12:40:00Z,,999999999.0,,,,
401,5928667.617739,,729232.26961,,,,,,,,,,20171130T12:40:00Z,,999999999.0,,,,
140,5910827.656343,,671502.169866,,,,,,,,,,20171130T12:40:00Z,,999999999.0,,,,
120,5914784.678793,,671833.018494,,,,,,,,,,20171130T12:40:00Z,,999999999.0,,,,
279,5918866.146068,,672533.827605,,,,,,,,,,20171130T12:40:00Z,,999999999.0,,,,
444,5835766.684656,,705196.828403,,,,,,,,,,20171130T12:40:00Z,,,102.03,0.0,,
67,5838074.231699,,709204.680145,,,,,,,,,,20171130T12:40:00Z,,,17.22,1.0,,
372,5824684.037887,,730761.897118,,,,,,,,,,20171130T12:40:00Z,,,4.39,280.0,,
540,5824057.627843,,732164.374587,,,,,,,,,,20171130T12:40:00Z,,,51.04,266.0,,
15,5803627.644558,,711556.219876,,,,,,,,,,20171130T12:40:00Z,,,476.51,284.0,,
420,5784598.640594,,724630.236454,,,,,,,,,,20171130T12:40:00Z,,,21.65,1002.0,,
298,5788881.273973,,739970.574865,,,,,,,,,,20171130T12:40:00Z,,,10.1,1000.0,,
64,5762290.374688,,700021.922,,,,,,,,,,20171130T12:40:00Z,,,592.4,902.0,,
78,5748948.952085,,713748.841039,,,,,,,,,,20171130T12:40:00Z,,,3394.48,1096.0,,
505,5749685.633066,,712341.559017,,,,,,,,,,20171130T12:40:00Z,,,3459.7,1079.0,,
175,5751262.38348,,708909.382074,,,,,,,,,,20171130T12:40:00Z,,,2307.45,,,
508,5751470.183669,,709103.533362,,,,,,,,,,20171130T12:40:00Z,,,1094.12,,,
344,5766692.271725,,643358.428104,,,,,,,,,,20171130T12:40:00Z,,,1.33,55.0,,
371,5766893.93481,,644981.501326,,,,,,,,,,20171130T12:40:00Z,,,27.72,40.0,,
303,5760958.218467,,693016.214052,,,,,,,,,,20171130T12:40:00Z,,,592.4,801.0,,
474,5761495.132923,,702969.539428,,,,,,,,,,20171130T12:40:00Z,,,455.69,,,
353,5744906.864985,,676620.327034,,,,,,,,,,20171130T12:40:00Z,,,785.93,519.0,,
274,5762070.32515,,646686.811653,,,,,,,,,,20171130T12:40:00Z,,,544.08,270.0,,
276,5760655.260684,,657488.747442,,,,,,,,,,20171130T12:40:00Z,,,20.89,36.0,,
191,5752825.488674,,668937.952337,,,,,,,,,,20171130T12:40:00Z,,,2067.56,580.0,,
23,5734645.427685,,661114.053605,,,,,,,,,,20171130T12:40:00Z,,,0.0,158.0,,
97,5720674.372878,,633416.730866,,,,,,,,,,20171130T12:20:00Z,,,0.07,,,
310,5731092.288776,,643345.302236,,,,,,,,,,20171130T12:10:00Z,,,2.24,195.0,,
413,5733855.159852,,656955.58668,,,,,,,,,,20171130T12:30:00Z,,,20.25,222.0,,
476,5725681.356157,,666288.867886,,,,,,,,,,20171130T12:20:00Z,,,0.09,,,
99,5708767.928826,,685626.951177,,,,,,,,,,20171130T12:20:00Z,,,0.2,,,
402,5690100.638267,,702209.986878,,,,,,,,,,20171130T12:30:00Z,,,1.29,3162.0,,
126,5703051.662765,,686621.816107,,,,,,,,,,20171130T12:20:00Z,,,0.13,,,
387,5703935.552472,,684558.598341,,,,,,,,,,20171113T11:30:00Z,,,16.35,,,
165,5708353.968858,,684101.515747,,,,,,,,,,20171130T12:10:00Z,,,2.76,,,
3,5708705.717448,,686327.403796,,,,,,,,,,20171130T12:00:00Z,,,0.61,,,
555,5695442.050365,,719860.008588,,,,,,,,,,20171130T12:40:00Z,,,686.72,1275.0,,
292,5683786.395963,,692668.906081,,,,,,,,,,20171130T12:30:00Z,,,0.0,,,
397,5684665.236063,,693210.501109,,,,,,,,,,20171130T12:30:00Z,,,1.84,3167.0,,
403,5689749.397756,,691404.378528,,,,,,,,,,20171130T12:40:00Z,,,4.9,,,
510,5664104.199934,,696163.233538,,,,,,,,,,20171130T11:50:00Z,,,720.89,2433.0,2666.0,
412,5639150.484211,,689365.319848,,,,,,,,,,20171130T12:40:00Z,,,400.28,3981.0,4214.0,
115,5639314.512678,,688436.415146,,,,,,,,,,20171130T12:40:00Z,,,14.73,4038.0,,
75,5642947.254519,,691537.055801,,,,,,,,,,20171130T12:40:00Z,,,41.84,4407.0,,
287,5638791.854031,,689061.33225,,,,,,,,,,20171130T12:40:00Z,,,1.7,,,
529,5677849.263122,,681733.62853,,,,,,,,,,20171130T12:40:00Z,,,8.34,3577.0,,
187,5699570.696335,,670022.164259,,,,,,,,,,20171130T11:40:00Z,,,0.53,,,
163,5699690.479968,,670055.815067,,,,,,,,,,20171130T11:40:00Z,,,0.05,,,
421,5626372.648812,,689271.050964,,,,,,,,,,20171130T12:40:00Z,,,597.68,4565.0,4798.0,
198,5634222.450172,,689894.76154,,,,,,,,,,20171130T12:40:00Z,,,519.56,4431.0,4664.0,
333,5779027.576902,,638300.406531,,,,,,,,,,20171130T12:40:00Z,,,50.66,38.0,,
432,5798364.141136,,637499.067706,,,,,,,,,,20171130T12:40:00Z,,,64.09,40.0,,
272,5727693.576083,,596924.356201,,,,,,,,,,20171130T12:40:00Z,,,0.17,,,
43,5727761.881287,,596872.087435,,,,,,,,,,20171130T12:40:00Z,,,0.61,,,
506,5836428.869423,,708382.625118,,,,,,,,,,20171130T12:30:00Z,,,0.0,,,
461,5836433.559056,,708372.462588,,,,,,,,,,20171130T12:30:00Z,,,0.0,,,
457,5836438.137517,,708362.304833,,,,,,,,,,20171130T12:30:00Z,,,0.0,,,
71,5694263.77376,,585894.447697,,,,,,,,,,20171130T12:40:00Z,,,0.0,,,
168,5720173.60069,,586867.075032,,,,,,,,,,20171130T11:40:00Z,,,4.09,5.0,,
454,5710453.197915,,560035.078677,,,,,,,,,,20171130T12:40:00Z,,,0.0,,,
482,5760669.710691,,692549.349346,,,,,,,,,,20171130T12:40:00Z,,,,793.0,,
436,5758925.037983,,652169.607315,,,,,,,,,,20171130T12:40:00Z,,,,289.0,,
90,5767837.758842,,714790.287523,,,,,,,,,,20171130T12:40:00Z,,,,732.0,,
69,5820798.145219,,640801.309746,,,,,,,,,,20171130T12:40:00Z,,,,30.0,,
362,5673271.40971,,703957.072471,,,,,,,,,,20171130T12:40:00Z,,,,2074.0,,
392,5673502.340176,,704043.654025,,,,,,,,,,20171130T12:40:00Z,,,,1501.0,,
282,5739588.140585,,687640.806395,,,,,,,,,,20171130T12:40:00Z,,,,586.0,,
114,5782864.851788,,717538.4911,,,,,,,,,,20171130T12:40:00Z,,,,533.0,,
6,5759131.959309,,576913.824086,,,,,,,,,,20171130T12:40:00Z,,,,102.0,,
545,5736960.640322,,626695.345821,,,,,,,,,,20171130T12:40:00Z,,,,83.0,,
558,5722935.726168,,627297.03495,,,,,,,,,,20171130T12:40:00Z,,,,520.0,,
369,5723051.848012,,627268.63365,,,,,,,,,,20171130T12:40:00Z,,,,520.0,,
102,5634235.002208,,689909.250481,,,,,,,,,,20171130T12:40:00Z,,,,4432.0,,
317,5723754.575907,,579010.995948,,,,,,,,,,20171130T12:40:00Z,,,,159.0,,
88,5757759.149855,,703613.90338,,,,,,,,,,20171130T12:40:00Z,,,,973.0,,
7,5730335.305185,,662953.888711,,,,,,,,,,20171130T12:40:00Z,,,,197.0,,
327,5680561.209692,,686302.855964,,,,,,,,,,20171130T12:40:00Z,,,,3367.0,,
516,5729985.679633,,663040.100207,,,,,,,,,,20171130T12:40:00Z,,,,472.0,,
117,5734705.561027,,661069.630073,,,,,,,,,,20171130T12:40:00Z,,,,151.0,,
389,5734534.931542,,661149.931278,,,,,,,,,,20171130T12:40:00Z,,,,201.0,,
86,5866830.027239,,637382.403594,,,,,,,,,,20171130T12:40:00Z,,,,13.0,,
70,5710455.110021,,559971.039694,,,,,,,,,,20171130T12:40:00Z,,,,29.0,,
364,5882780.822035,,656430.583587,,,,,,,,,,20171130T12:40:00Z,,,,38.0,,
4,5759136.134634,,576917.675576,,,,,,,,,,20171130T12:40:00Z,,,,102.0,,
49,5702032.900146,,585156.455736,,,,,,,,,,20171130T12:40:00Z,,,,3.0,,
55,5741087.67409,,629416.529543,,,,,,,,,,20171130T12:40:00Z,,,,114.0,,
110,5717534.171698,,576844.532472,,,,,,,,,,20171130T12:40:00Z,,,,162.0,,
394,5808684.325383,,712781.630765,,,,,,,,,,20171130T12:40:00Z,,,,220.0,,
321,5724461.634442,,707907.37444,,,,,,,,,,20171130T12:40:00Z,,,,1087.0,,
190,5668220.61838,,698819.547954,,,,,,,,,,20171130T12:40:00Z,,,,2198.0,2431.0,
467,5708023.592029,,530586.16233,,,,,,,,,,20171130T12:40:00Z,,,,75.0,,
283,5914923.778702,,647684.020117,,,,,,,,,,20171130T12:40:00Z,,,,23.0,,
269,5692456.472705,,581085.288038,,,,,,,,,,20171130T12:40:00Z,,,,209.0,,
533,5742862.173264,,654720.682813,,,,,,,,,,20171130T12:40:00Z,,,,315.0,,
313,5750170.820423,,612028.611787,,,,,,,,,,20171130T12:40:00Z,,,,138.0,,
442,5878437.182946,,624112.288321,,,,,,,,,,20171130T12:40:00Z,,,,38.0,,
380,5753241.864733,,680972.087153,,,,,,,,,,20171130T12:40:00Z,,,,710.0,,
134,5758577.555598,,677977.50412,,,,,,,,,,20171130T12:40:00Z,,,,634.0,,
267,5922496.962185,,712485.362427,,,,,,,,,,20171130T12:40:00Z,,,,87.0,,
452,5728476.608259,,662725.626721,,,,,,,,,,20171130T12:40:00Z,,,,479.0,,
546,5680454.215454,,686097.400031,,,,,,,,,,20171130T12:40:00Z,,,,3571.0,,
395,5687543.339031,,557114.37845,,,,,,,,,,20171130T12:40:00Z,,,,137.0,,
95,5741741.00251,,578158.588668,,,,,,,,,,20171130T12:40:00Z,,,,81.0,,
495,5679696.729673,,709112.91107,,,,,,,,,,20171130T12:40:00Z,,,,1492.0,,
270,5626524.995298,,689073.252191,,,,,,,,,,20171130T12:00:00Z,,,,4536.0,,
33,5624966.516572,,689732.807648,,,,,,,,,,20171130T12:00:00Z,,,,5213.0,,
278,5645090.205545,,691684.46646,,,,,,,,,,20171130T11:50:00Z,,,,3745.0,3978.0,
193,5772806.492926,,586551.020315,,,,,,,,,,20171130T12:40:00Z,,,,92.0,,
319,5920843.208887,,691227.71,,,,,,,,,,20171130T12:40:00Z,,,,89.0,,
27,5718947.123692,,547224.950585,,,,,,,,,,20171130T12:40:00Z,,,,98.0,,
145,5783644.284247,,720813.548214,,,,,,,,,,20171130T12:40:00Z,,,,523.0,,
106,5783825.281439,,721447.11767,,,,,,,,,,20171130T12:40:00Z,,,,1003.0,,
29,5752617.798259,,585869.858693,,,,,,,,,,20171130T12:40:00Z,,,,119.0,,
355,5833109.039747,,692466.626442,,,,,,,,,,20171130T12:40:00Z,,,,8.0,,
257,5907184.533288,,639430.974074,,,,,,,,,,20171130T12:40:00Z,,,,8.0,,
171,5694632.643252,,571389.15617,,,,,,,,,,20171130T12:40:00Z,,,,180.0,,
199,5687689.631979,,556607.80335,,,,,,,,,,20171130T12:40:00Z,,,,135.0,,
44,5675741.83928,,556380.6258,,,,,,,,,,20171130T12:40:00Z,,,,223.0,,
167,5695329.346307,,586153.416771,,,,,,,,,,20171130T12:40:00Z,,,,191.0,,
128,5695847.452714,,552708.483305,,,,,,,,,,20171130T12:40:00Z,,,,125.0,,
404,5682908.413196,,558209.898343,,,,,,,,,,20171130T12:40:00Z,,,,224.0,,
340,5731615.740971,,630857.844577,,,,,,,,,,20171130T12:40:00Z,,,,87.0,,
301,5733775.471146,,646714.241153,,,,,,,,,,20171130T12:40:00Z,,,,111.0,,
135,5814278.949935,,609559.811683,,,,,,,,,,20171130T12:40:00Z,,,,43.0,,
291,5731476.655284,,704307.691088,,,,,,,,,,20171130T12:40:00Z,,,,849.0,,
275,5756317.52901,,627249.500532,,,,,,,,,,20171130T12:40:00Z,,,,144.0,,
336,5886477.149363,,617197.18179,,,,,,,,,,20171130T12:40:00Z,,,,65.0,,
363,5691085.791138,,576742.071009,,,,,,,,,,20171130T12:40:00Z,,,,202.0,,
182,5746546.953281,,591891.278025,,,,,,,,,,20171130T12:40:00Z,,,,126.0,,
458,5753095.673817,,668815.969155,,,,,,,,,,20171130T12:40:00Z,,,,356.0,,
261,5733151.197758,,556245.98136,,,,,,,,,,20171130T12:40:00Z,,,,93.0,,
186,5823514.052136,,717897.611234,,,,,,,,,,20171130T12:40:00Z,,,,35.0,,
63,5724760.420313,,669207.549761,,,,,,,,,,20171130T12:40:00Z,,,,860.0,,
157,5724806.480874,,668974.020934,,,,,,,,,,20171130T12:40:00Z,,,,474.0,,
360,5724751.185701,,669044.774554,,,,,,,,,,20171130T12:40:00Z,,,,857.0,,
127,5699254.96426,,541518.74592,,,,,,,,,,20171130T12:40:00Z,,,,104.0,,
440,5710490.371879,,560102.885493,,,,,,,,,,20171130T12:40:00Z,,,,153.0,,
378,5705012.45077,,687095.300245,,,,,,,,,,20171130T12:40:00Z,,,,2064.0,,
463,5707619.048603,,580601.223919,,,,,,,,,,20171130T12:40:00Z,,,,170.0,,
428,5707494.176378,,548589.163583,,,,,,,,,,20171130T12:40:00Z,,,,29.0,,
416,5689746.845761,,691419.471644,,,,,,,,,,20171130T12:40:00Z,,,,2867.0,,
552,5814225.742434,,609009.433796,,,,,,,,,,20171130T12:40:00Z,,,,110.0,,
156,5831566.005578,,679052.96581,,,,,,,,,,20171130T12:40:00Z,,,,7.0,,
141,5742692.269912,,669341.123356,,,,,,,,,,20171130T12:40:00Z,,,,491.0,,
89,5793042.091538,,668689.519597,,,,,,,,,,20171130T12:40:00Z,,,,28.0,,
109,5761130.558628,,665657.636316,,,,,,,,,,20171130T12:40:00Z,,,,553.0,,
483,5793662.505601,,715231.230155,,,,,,,,,,20171130T12:40:00Z,,,,388.0,,
286,5915831.926022,,761913.320818,,,,,,,,,,20171130T12:40:00Z,,,,92.0,,
36,5815602.364983,,691409.923843,,,,,,,,,,20171130T12:40:00Z,,,,25.0,,
265,5928910.13725,,754251.664252,,,,,,,,,,20171130T12:40:00Z,,,,100.0,,
377,5717072.851787,,679287.928377,,,,,,,,,,20171130T12:40:00Z,,,,1280.0,,
489,5742285.577188,,615152.318602,,,,,,,,,,20171130T12:40:00Z,,,,121.0,,
375,5717217.50165,,679172.515728,,,,,,,,,,20171130T12:40:00Z,,,,1070.0,,
514,5713083.183476,,682480.340777,,,,,,,,,,20171130T11:40:00Z,,,,1507.0,,
424,5713146.29078,,682427.250315,,,,,,,,,,20171130T12:40:00Z,,,,1284.0,,
559,5710640.211067,,559821.959473,,,,,,,,,,20171130T12:40:00Z,,,,30.0,,
475,5714696.712456,,544570.753715,,,,,,,,,,20171130T12:40:00Z,,,,30.0,,
183,5690204.083605,,691326.591753,,,,,,,,,,20171130T12:40:00Z,,,,2704.0,,
271,5690061.925782,,691347.958981,,,,,,,,,,20171130T12:40:00Z,,,,2867.0,,
131,5869664.281452,,617120.700587,,,,,,,,,,20171130T12:40:00Z,,,,65.0,,
485,5723464.054377,,626668.330142,,,,,,,,,,20171130T12:40:00Z,,,,6.0,,
260,5650900.005767,,692058.904218,,,,,,,,,,20171130T11:50:00Z,,,,3219.0,3452.0,
30,5654179.313696,,694045.325671,,,,,,,,,,20171130T11:50:00Z,,,,3036.0,3269.0,
324,5656791.062311,,693507.397889,,,,,,,,,,20171130T11:50:00Z,,,,2901.0,3134.0,
147,5723496.316795,,626849.923647,,,,,,,,,,20171130T12:40:00Z,,,,85.0,,
160,5705401.834507,,686975.412981,,,,,,,,,,20171130T12:40:00Z,,,,1560.0,,
185,5715602.95849,,583254.246766,,,,,,,,,,20171130T12:40:00Z,,,,5.0,,
58,5683736.805137,,691900.032712,,,,,,,,,,20171130T12:40:00Z,,,,3173.0,,
468,5683736.026078,,691802.009188,,,,,,,,,,20171130T12:40:00Z,,,,3358.0,,
192,5804844.296719,,632645.127609,,,,,,,,,,20171130T12:40:00Z,,,,39.0,,
382,5718135.860859,,637883.685853,,,,,,,,,,20171130T12:40:00Z,,,,518.0,,
373,5757544.118373,,575133.543448,,,,,,,,,,20171130T12:40:00Z,,,,102.0,,
103,5761861.594699,,703466.009327,,,,,,,,,,20171130T12:40:00Z,,,,921.0,,
296,5673334.451039,,699646.985298,,,,,,,,,,20171130T12:40:00Z,,,,2865.0,,
158,5823091.364619,,665014.027922,,,,,,,,,,20171130T12:40:00Z,,,,10.0,,
295,5822012.241694,,664935.650384,,,,,,,,,,20171130T12:40:00Z,,,,29.0,,
61,5708759.267033,,685648.879015,,,,,,,,,,20171130T12:40:00Z,,,,1506.0,,
318,5760829.355416,,518884.956436,,,,,,,,,,20171130T12:40:00Z,,,,48.0,,
169,5813598.089451,,605632.956828,,,,,,,,,,20171130T12:40:00Z,,,,104.0,,
530,5759763.602147,,703006.482726,,,,,,,,,,20171130T12:40:00Z,,,,953.0,,
92,5840559.420062,,654310.047871,,,,,,,,,,20171130T12:40:00Z,,,,11.0,,
281,5840393.496391,,654164.469546,,,,,,,,,,20171130T12:40:00Z,,,,28.0,,
334,5752923.125046,,608561.16757,,,,,,,,,,20171130T12:40:00Z,,,,142.0,,
101,5894527.946154,,661156.301158,,,,,,,,,,20171130T12:40:00Z,,,,62.0,,
554,5826410.539437,,698329.557942,,,,,,,,,,20171130T12:40:00Z,,,,4.0,,
450,5710674.158094,,560002.850035,,,,,,,,,,20171130T12:40:00Z,,,,152.0,,
331,5829056.903491,,686891.673179,,,,,,,,,,20171130T12:40:00Z,,,,8.0,,
405,5882512.857226,,656615.548766,,,,,,,,,,20171130T12:40:00Z,,,,10.0,,
411,5671745.072393,,705788.247439,,,,,,,,,,20171130T12:40:00Z,,,,1799.0,,
521,5742683.928092,,667699.101552,,,,,,,,,,20171130T12:40:00Z,,,,205.0,,
433,5752991.391662,,546063.014918,,,,,,,,,,20171130T12:40:00Z,,,,74.0,,
368,5858127.832702,,682542.589561,,,,,,,,,,20171130T12:40:00Z,,,,1.0,,
486,5743160.046169,,600028.51004,,,,,,,,,,20171130T12:40:00Z,,,,123.0,,
507,5763166.286328,,618038.127539,,,,,,,,,,20171130T12:40:00Z,,,,166.0,,
178,5729455.430142,,612115.212896,,,,,,,,,,20171130T12:40:00Z,,,,88.0,,
550,5828276.627263,,710171.351377,,,,,,,,,,20171130T12:40:00Z,,,,3.0,,
162,5748468.590684,,696323.704869,,,,,,,,,,20171130T12:40:00Z,,,,864.0,,
153,5793006.01785,,668611.166073,,,,,,,,,,20171130T12:40:00Z,,,,30.0,,
159,5866478.622521,,637644.237425,,,,,,,,,,20171130T12:40:00Z,,,,9.0,,
499,5730119.150865,,546744.726668,,,,,,,,,,20171130T12:40:00Z,,,,98.0,,
406,5762449.241055,,646404.276072,,,,,,,,,,20171130T12:40:00Z,,,,141.0,,
66,5697307.24277,,689753.066717,,,,,,,,,,20171130T12:40:00Z,,,,2510.0,,
471,5697401.033128,,689652.553076,,,,,,,,,,20171130T12:40:00Z,,,,2263.0,,
503,5749819.654576,,590321.143,,,,,,,,,,20171130T12:40:00Z,,,,127.0,,
560,5760973.893438,,665152.504311,,,,,,,,,,20171130T12:40:00Z,,,,400.0,,
388,5697809.870896,,585554.805943,,,,,,,,,,20171130T12:40:00Z,,,,6.0,,
302,5689851.325118,,716920.089955,,,,,,,,,,20171130T12:40:00Z,,,,1393.0,,
173,5691754.534661,,717185.662502,,,,,,,,,,20171130T12:40:00Z,,,,1295.0,,
133,5810626.046956,,617115.285091,,,,,,,,,,20171130T12:40:00Z,,,,40.0,,
307,5638750.211291,,689921.494977,,,,,,,,,,20171130T12:40:00Z,,,,4412.0,,
524,5750773.296747,,592852.349052,,,,,,,,,,20171130T12:40:00Z,,,,131.0,,
305,5716519.094414,,569683.338543,,,,,,,,,,20171130T12:40:00Z,,,,152.0,,
535,5725784.891428,,705544.98611,,,,,,,,,,20171130T12:40:00Z,,,,907.0,,
338,5753205.340753,,603140.057608,,,,,,,,,,20171130T12:40:00Z,,,,139.0,,
429,5676349.211151,,708345.535318,,,,,,,,,,20171130T12:40:00Z,,,,1684.0,,
139,5718048.684347,,638000.557072,,,,,,,,,,20171130T12:40:00Z,,,,776.0,,
130,5750889.286493,,709275.330184,,,,,,,,,,20171130T12:40:00Z,,,,1054.0,,
152,5733398.274746,,557010.963541,,,,,,,,,,20171130T12:40:00Z,,,,93.0,,
52,5716527.469643,,641030.849507,,,,,,,,,,20171130T12:40:00Z,,,,1257.0,,
365,5711061.477341,,684146.384861,,,,,,,,,,20171130T12:40:00Z,,,,1507.0,,
149,5711132.278091,,684090.960069,,,,,,,,,,20171130T12:40:00Z,,,,1316.0,,
38,5767364.157718,,710122.268321,,,,,,,,,,20171130T12:40:00Z,,,,810.0,,
445,5740189.622964,,588452.513701,,,,,,,,,,20171130T12:40:00Z,,,,92.0,,
361,5665530.988163,,699492.438257,,,,,,,,,,20171130T12:40:00Z,,,,3267.0,,
502,5732426.582107,,567273.844973,,,,,,,,,,20171130T12:40:00Z,,,,16.0,,
528,5694617.614235,,538128.059912,,,,,,,,,,20171124T08:30:00Z,,,,93.0,,
451,5733358.658548,,557117.322736,,,,,,,,,,20171130T12:40:00Z,,,,17.0,,
472,5799459.576915,,645769.225026,,,,,,,,,,20171130T12:40:00Z,,,,33.0,,
277,5683075.676797,,709609.469161,,,,,,,,,,20171130T12:40:00Z,,,,1469.0,,
381,5683578.080008,,589642.774011,,,,,,,,,,20171130T11:50:00Z,,,,238.0,526.0,
197,5689294.499172,,586211.535558,,,,,,,,,,20171130T11:50:00Z,,,,214.0,510.0,
16,5707510.819692,,653223.417218,,,,,,,,,,20171130T12:40:00Z,,,,1508.0,,
346,5922412.475807,,655016.251709,,,,,,,,,,20171130T12:40:00Z,,,,18.0,,
562,5738174.308587,,623889.736008,,,,,,,,,,20171130T12:40:00Z,,,,115.0,,
438,5690141.348323,,702228.5377,,,,,,,,,,20171130T12:30:00Z,,,,3121.0,,
352,5736104.496295,,625679.499691,,,,,,,,,,20171130T12:40:00Z,,,,84.0,,
441,5699509.896778,,687841.447598,,,,,,,,,,20171130T12:40:00Z,,,,2264.0,,
80,5699650.511385,,687811.199433,,,,,,,,,,20171130T12:40:00Z,,,,2050.0,,
59,5693276.406838,,513916.25461,,,,,,,,,,20171130T12:30:00Z,,,,62.0,,
385,5707542.190151,,653241.365937,,,,,,,,,,20171130T12:40:00Z,,,,1507.0,,
150,5707531.871435,,653131.710765,,,,,,,,,,20171130T12:40:00Z,,,,1257.0,,
504,5822002.980065,,707301.644097,,,,,,,,,,20171130T12:40:00Z,,,,94.0,,
266,5738111.554233,,697723.437593,,,,,,,,,,20171130T12:40:00Z,,,,794.0,,
188,5666633.099867,,481077.108637,,,,,,,,,,20171130T12:30:00Z,,,,26.0,,
297,5703031.157083,,686538.397259,,,,,,,,,,20171130T12:20:00Z,,,,2061.0,,
177,5656744.902172,,693472.901342,,,,,,,,,,20171130T11:50:00Z,,,,2757.0,2990.0,
10,5720599.544478,,675189.864836,,,,,,,,,,20171130T12:40:00Z,,,,852.0,,
525,5720538.727654,,675291.715961,,,,,,,,,,20171130T12:40:00Z,,,,1060.0,,
518,5742305.127077,,571218.768778,,,,,,,,,,20171130T12:40:00Z,,,,94.0,,
349,5930675.34867,,749337.071815,,,,,,,,,,20171130T12:40:00Z,,,,53.0,,
294,5715300.582908,,714404.253172,,,,,,,,,,20171130T12:40:00Z,,,,1158.0,,
56,5941470.270359,,724996.335864,,,,,,,,,,20171130T12:40:00Z,,,,82.0,,
34,5804978.304195,,633923.606588,,,,,,,,,,20171130T12:40:00Z,,,,32.0,,
50,5648764.185161,,693533.911695,,,,,,,,,,20171130T12:40:00Z,,,,3587.0,3820.0,
60,5705870.543013,,516800.113958,,,,,,,,,,20171130T12:40:00Z,,,,57.0,,
426,5676161.707567,,597907.403629,,,,,,,,,,20171130T11:50:00Z,,,,308.0,541.0,
31,5760693.572208,,702694.643299,,,,,,,,,,20171130T12:40:00Z,,,,942.0,,
393,5808689.096317,,747296.179521,,,,,,,,,,20171130T12:40:00Z,,,,1005.0,,
419,5795192.447808,,759826.613435,,,,,,,,,,20171130T12:30:00Z,,,,2512.0,,
462,5795230.546866,,759525.047476,,,,,,,,,,20171130T12:30:00Z,,,,1603.0,,
498,5795302.987974,,759505.640783,,,,,,,,,,20171130T12:30:00Z,,,,1755.0,,
414,5829443.880195,,692863.584785,,,,,,,,,,20171130T12:40:00Z,,,,3.0,,
19,5906307.021546,,780831.821762,,,,,,,,,,20171130T12:40:00Z,,,,23.0,,
434,5843888.399836,,715193.379434,,,,,,,,,,20171130T12:40:00Z,,,,1.0,,
148,5836516.819459,,750329.974186,,,,,,,,,,20171130T12:40:00Z,,,,911.0,,
258,5726644.600858,,596628.599829,,,,,,,,,,20171130T12:40:00Z,,,,4.0,,
417,5728060.617283,,598265.75613,,,,,,,,,,20171130T12:40:00Z,,,,86.0,,
254,5675930.505653,,494763.389742,,,,,,,,,,20171130T12:30:00Z,,,,36.0,,
299,5692400.214887,,691010.974807,,,,,,,,,,20171130T12:40:00Z,,,,2508.0,,
408,5692257.832561,,691029.340433,,,,,,,,,,20171130T12:40:00Z,,,,2707.0,,
118,5650992.460265,,691997.277974,,,,,,,,,,20171130T11:50:00Z,,,,2971.0,3204.0,
357,5739515.401977,,626225.60636,,,,,,,,,,20171130T12:40:00Z,,,,89.0,,
84,5733842.518791,,656857.081582,,,,,,,,,,20171130T12:10:00Z,,,,139.0,,
342,5738634.646844,,624641.684177,,,,,,,,,,20171130T12:40:00Z,,,,99.0,,
255,5740353.924159,,629040.918117,,,,,,,,,,20171130T12:40:00Z,,,,9999.0,,
410,5736531.669103,,626955.675037,,,,,,,,,,20171130T12:40:00Z,,,,95.0,,
439,5738561.995359,,628505.856345,,,,,,,,,,20171130T12:40:00Z,,,,81.0,,
548,5933727.141389,,696130.296599,,,,,,,,,,20171130T12:40:00Z,,,,62.0,,
431,5922028.159523,,703654.011023,,,,,,,,,,20171130T12:40:00Z,,,,4.0,,
308,5664854.727195,,697343.332662,,,,,,,,,,20171130T11:50:00Z,,,,2257.0,2490.0,
418,5728416.508042,,662708.60632,,,,,,,,,,20171130T12:40:00Z,,,,241.0,,
537,5668048.64114,,697563.508475,,,,,,,,,,20171130T11:50:00Z,,,,2173.0,2406.0,
396,5743163.714544,,638977.325773,,,,,,,,,,20171130T12:40:00Z,,,,139.0,,
104,5659080.395305,,694256.322193,,,,,,,,,,20171130T12:40:00Z,,,,2833.0,3066.0,
18,5680409.317783,,590594.272549,,,,,,,,,,20171130T11:50:00Z,,,,251.0,532.0,
1,5746126.312861,,559257.920325,,,,,,,,,,20171130T12:40:00Z,,,,88.0,,
328,5836428.563548,,708258.215108,,,,,,,,,,20171130T12:40:00Z,,,,2.0,,
329,5838418.796076,,701647.675597,,,,,,,,,,20171130T12:40:00Z,,,,7.0,,
40,5706875.841889,,574394.194893,,,,,,,,,,20171130T12:40:00Z,,,,164.0,,
20,5794893.640807,,751161.938746,,,,,,,,,,20171130T12:40:00Z,,,,1609.0,,
449,5794733.827403,,750931.979595,,,,,,,,,,20171130T12:40:00Z,,,,1003.0,,
561,5738035.715929,,689386.003534,,,,,,,,,,20171130T12:40:00Z,,,,785.0,,
35,5723262.172145,,591082.649256,,,,,,,,,,20171130T12:40:00Z,,,,1.0,,
326,5694233.250387,,585865.38531,,,,,,,,,,20171130T12:40:00Z,,,,224.0,,
32,5694275.173457,,585924.040678,,,,,,,,,,20171130T12:40:00Z,,,,4.0,,
285,5640969.792744,,688703.334421,,,,,,,,,,20171130T11:50:00Z,,,,3929.0,4162.0,
531,5825600.958383,,693608.724956,,,,,,,,,,20171130T12:40:00Z,,,,6.0,,
53,5825251.515353,,693587.252007,,,,,,,,,,20171130T12:40:00Z,,,,26.0,,
511,5822136.221941,,707323.119974,,,,,,,,,,20171128T19:40:00Z,,,,999999999.0,,
93,5760277.429565,,702912.456105,,,,,,,,,,20171130T12:40:00Z,,,,999999999.0,,
46,5752960.124412,,708498.458912,,,,,,,,,,20171130T12:40:00Z,,,,999999999.0,,
293,5752920.290244,,708504.735393,,,,,,,,,,20171130T12:40:00Z,,,,999999999.0,,
96,5762438.545465,,646384.590553,,,,,,,,,,20171230T22:50:00Z,,,,,,74.0
500,5742667.211266,,667704.052028,,,,,,,,,,20171230T22:50:00Z,,,,,,108.0
398,5743176.418271,,638972.852646,,,,,,,,,,20171230T22:50:00Z,,,,,,101.0
196,5741131.76483,,629395.696096,,,,,,,,,,20171230T22:50:00Z,,,,,,57.0
341,5731615.70062,,630857.894712,,,,,,,,,,20171230T22:50:00Z,,,,,,41.0
312,5733795.538415,,646713.591015,,,,,,,,,,20171230T22:50:00Z,,,,,,61.0
280,5756327.60323,,627246.546177,,,,,,,,,,20171230T22:50:00Z,,,,,,15.0
551,5866613.424672,,637489.769006,,,,,,,,,,20171230T22:50:00Z,,,,,,63.0
335,5752923.145449,,608561.131041,,,,,,,,,,20171230T22:50:00Z,,,,,,19.0
77,5763189.983795,,618097.58926,,,,,,,,,,20171230T22:50:00Z,,,,,,9.0
123,5792203.101841,,588343.209861,,,,,,,,,,20161231T22:50:00Z,,,,,,47.0
536,5752601.14951,,585954.633447,,,,,,,,,,20171230T22:50:00Z,,,,,,73.0
194,5772806.430697,,586550.994421,,,,,,,,,,20171230T22:50:00Z,,,,,,77.0
339,5753205.34859,,603140.0261,,,,,,,,,,20171230T22:50:00Z,,,,,,37.0
170,5813598.038973,,605633.035699,,,,,,,,,,20171230T22:50:00Z,,,,,,183.0
136,5813724.181742,,603100.219284,,,,,,,,,,20171230T22:50:00Z,,,,,,8.0
399,5757030.495425,,579806.564764,,,,,,,,,,20171230T22:50:00Z,,,,,,75.0
13,5753920.011722,,579968.73554,,,,,,,,,,20161231T22:50:00Z,,,,,,38.0
107,5848257.101654,,611288.682208,,,,,,,,,,20171230T22:50:00Z,,,,,,35.0
166,5758394.423652,,575378.646957,,,,,,,,,,20161231T22:50:00Z,,,,,,49.0
5,5759136.158185,,576917.669784,,,,,,,,,,20171230T22:50:00Z,,,,,,102.0
325,5760650.710343,,569191.051211,,,,,,,,,,20171230T22:50:00Z,,,,,,112.0
288,5869730.610307,,617198.393684,,,,,,,,,,20171230T22:50:00Z,,,,,,64.0
490,5742285.492523,,615152.335513,,,,,,,,,,20171230T22:50:00Z,,,,,,28.0
180,5729441.331482,,612111.938559,,,,,,,,,,20171230T22:50:00Z,,,,,,37.0
146,5750138.055795,,612093.75531,,,,,,,,,,20171230T22:50:00Z,,,,,,14.0
487,5743160.034387,,600028.51491,,,,,,,,,,20171230T22:50:00Z,,,,,,37.0
501,5751656.154085,,600742.077773,,,,,,,,,,20171230T22:50:00Z,,,,,,42.0
423,5749665.998716,,597556.364264,,,,,,,,,,20171230T22:50:00Z,,,,,,51.0
517,5750735.849804,,592817.818949,,,,,,,,,,20171230T22:50:00Z,,,,,,55.0
121,5750805.791667,,583307.836329,,,,,,,,,,20171230T22:50:00Z,,,,,,72.0
515,5750159.656248,,584558.377915,,,,,,,,,,20171230T22:50:00Z,,,,,,110.0
91,5749656.899389,,584630.895499,,,,,,,,,,20171230T22:50:00Z,,,,,,62.0
330,5746981.787838,,590045.173566,,,,,,,,,,20171230T22:50:00Z,,,,,,54.0
300,5749466.529984,,590411.762438,,,,,,,,,,20171230T22:50:00Z,,,,,,62.0
48,5746493.068868,,591856.728848,,,,,,,,,,20171230T22:50:00Z,,,,,,53.0
374,5757544.162486,,575133.511365,,,,,,,,,,20171230T22:50:00Z,,,,,,110.0
176,5754686.736543,,576116.584943,,,,,,,,,,20171230T22:50:00Z,,,,,,92.0
526,5756544.563397,,577010.806015,,,,,,,,,,20161231T22:50:00Z,,,,,,41.0
164,5757457.264019,,578243.146539,,,,,,,,,,20161231T22:50:00Z,,,,,,49.0
81,5741589.541094,,577763.755565,,,,,,,,,,20171230T22:50:00Z,,,,,,41.0
519,5742305.056616,,571218.73553,,,,,,,,,,20171230T22:50:00Z,,,,,,127.0
87,5733628.795131,,556017.142832,,,,,,,,,,20171230T22:50:00Z,,,,,,161.0
8,5746165.909621,,559271.530521,,,,,,,,,,20171230T22:50:00Z,,,,,,134.0
464,5757300.674544,,568360.903761,,,,,,,,,,20171230T22:50:00Z,,,,,,103.0
195,5757331.84737,,570710.421515,,,,,,,,,,20171230T22:50:00Z,,,,,,112.0
356,5753731.738685,,571676.866443,,,,,,,,,,20171230T22:50:00Z,,,,,,110.0
470,5906295.053836,,780777.164604,,,,,,,,,,20171230T22:50:00Z,,,,,,91.0
273,5915790.484914,,761899.77096,,,,,,,,,,20171230T22:50:00Z,,,,,,51.0
42,5929013.390364,,754198.324755,,,,,,,,,,20171230T22:50:00Z,,,,,,6.0
268,5922496.917522,,712485.362632,,,,,,,,,,20171230T22:50:00Z,,,,,,41.0
366,5929214.552636,,712579.947805,,,,,,,,,,20171230T22:50:00Z,,,,,,34.0
549,5933727.000711,,696130.281367,,,,,,,,,,20171230T22:50:00Z,,,,,,71.0
57,5941470.299505,,724996.318368,,,,,,,,,,20171230T22:50:00Z,,,,,,57.0
320,5920843.142942,,691227.593928,,,,,,,,,,20171230T22:50:00Z,,,,,,9.0
367,5923626.819101,,683322.924393,,,,,,,,,,20171230T22:50:00Z,,,,,,43.0
189,5924030.014812,,654952.901605,,,,,,,,,,20171230T22:50:00Z,,,,,,93.0
494,5882594.511278,,656546.856355,,,,,,,,,,20171230T22:50:00Z,,,,,,55.0
179,5894519.40967,,661021.585505,,,,,,,,,,20171230T22:50:00Z,,,,,,34.0
21,5907253.099208,,639387.325892,,,,,,,,,,20171230T22:50:00Z,,,,,,86.0
137,5914954.525559,,647723.414002,,,,,,,,,,20171230T22:50:00Z,,,,,,73.0
332,5878191.298585,,624049.675784,,,,,,,,,,20171230T22:50:00Z,,,,,,70.0
22,5887091.157022,,615985.879866,,,,,,,,,,20171230T22:50:00Z,,,,,,82.0
523,5728077.182045,,598252.111076,,,,,,,,,,20171230T22:50:00Z,,,,,,37.0
479,5694908.142415,,584172.789971,,,,,,,,,,20171230T22:50:00Z,,,,,,178.0
316,5706661.48206,,574616.706917,,,,,,,,,,20171230T22:50:00Z,,,,,,97.0
556,5707333.915803,,580896.100116,,,,,,,,,,20171230T22:50:00Z,,,,,,93.0
111,5717533.692518,,576843.574168,,,,,,,,,,20171230T22:50:00Z,,,,,,105.0
343,5691113.199154,,576756.115681,,,,,,,,,,20171230T22:50:00Z,,,,,,199.0
262,5692490.642354,,581080.03756,,,,,,,,,,20171230T22:50:00Z,,,,,,188.0
172,5694632.620081,,571389.152745,,,,,,,,,,20171230T22:50:00Z,,,,,,208.0
138,5699855.507496,,569978.247612,,,,,,,,,,20171230T22:50:00Z,,,,,,217.0
543,5703850.439403,,582772.384387,,,,,,,,,,20171230T22:50:00Z,,,,,,87.0
491,5723770.569475,,579147.964913,,,,,,,,,,20171230T22:50:00Z,,,,,,110.0
100,5687533.035786,,557108.70583,,,,,,,,,,20171230T22:50:00Z,,,,,,240.0
358,5695779.408925,,551148.439315,,,,,,,,,,20171230T22:50:00Z,,,,,,239.0
256,5695350.191198,,567116.935443,,,,,,,,,,20171230T22:50:00Z,,,,,,224.0
132,5722952.980035,,548021.69941,,,,,,,,,,20171230T22:50:00Z,,,,,,170.0
446,5710671.594057,,560012.757943,,,,,,,,,,20171230T22:50:00Z,,,,,,109.0
306,5716519.148377,,569683.231566,,,,,,,,,,20171230T22:50:00Z,,,,,,110.0
17,5694360.994122,,539273.416454,,,,,,,,,,20171230T22:50:00Z,,,,,,225.0
9,5699181.909684,,541425.983215,,,,,,,,,,20171230T22:50:00Z,,,,,,226.0
460,5707906.220428,,530529.343665,,,,,,,,,,20171230T22:50:00Z,,,,,,17.0
83,5718898.855169,,547517.428302,,,,,,,,,,20171230T22:50:00Z,,,,,,117.0
28,5718950.111382,,547219.705797,,,,,,,,,,20171230T22:50:00Z,,,,,,174.0
284,5721427.958965,,533286.714217,,,,,,,,,,20171230T22:50:00Z,,,,,,174.0
37,5730284.432156,,546689.223867,,,,,,,,,,20171230T22:50:00Z,,,,,,168.0
181,5735373.609333,,542584.729619,,,,,,,,,,20171230T22:50:00Z,,,,,,155.0
79,5692072.821784,,526187.137511,,,,,,,,,,20171230T22:50:00Z,,,,,,206.0
62,5705870.741982,,516807.917788,,,,,,,,,,20171230T22:50:00Z,,,,,,184.0
