,wind_speedMS,humidity,wind_speedBF,latitude,wind_direction_degrees,longitude,wind_direction,temperature,temperature_10cm,visibility_meters,sun_intensity,wind_blast,water_level,datetime,tide,water_level_belgium_border,water_flow,waves_height,water_drainage
248,3.23,91,2,51.50,246,6.20,WZW,3.6,3.8,-,53,5.1,,11/30/2017 11:20:00,,,,,
249,3.03,97,2,52.07,243,5.88,WZW,3.2,3.1,11600,169,4.3,,11/30/2017 11:20:00,,,,,
218,2.72,93,2,52.65,222,4.98,ZW,2.9,2.9,37700,73,4,,11/30/2017 11:20:00,,,,,
231,12.81,-,6,51.38,309,3.38,-,-,-,-,-,-,,11/30/2017 11:20:00,,,,,
213,1.91,89,2,52.10,261,5.18,W,3.3,3.6,16000,55,4.2,,11/30/2017 11:20:00,,,,,
214,1.87,84,2,52.92,313,4.78,NW,4.0,3.1,42400,113,4,,11/30/2017 11:20:00,,,,,
245,4.8,92,3,51.45,247,5.42,WZW,3.4,3.4,8470,99,6.9,,11/30/2017 11:20:00,,,,,
207,3.73,93,3,51.20,251,5.77,WZW,2.9,3.1,9250,75,5.5,,11/30/2017 11:20:00,,,,,
242,13.5,-,6,52.00,311,3.28,-,-,-,-,-,-,,11/30/2017 11:20:00,,,,,
247,1.19,94,1,51.57,260,4.93,W,3.3,3.1,13600,73,2.3,,11/30/2017 11:20:00,,,,,
201,2.82,92,2,52.07,236,6.65,WZW,3.7,4.4,-,117,4.2,,11/30/2017 11:20:00,,,,,
203,2.35,96,2,53.13,232,6.58,ZW,2.3,2.3,23600,145,3.2,,11/30/2017 11:20:00,,,,,
234,7,-,4,51.45,271,4.00,-,-,-,-,-,-,,11/30/2017 11:20:00,,,,,
205,2.28,94,2,52.43,220,6.27,ZW,2.4,2.5,-,136,3.3,,11/30/2017 11:20:00,,,,,
211,4.95,92,3,51.87,233,5.15,ZW,3.7,3.7,-,96,6.6,,11/30/2017 11:20:00,,,,,
229,9.96,79,5,51.98,324,4.10,NW,5.8,6.0,-,186,13.7,,11/30/2017 11:20:00,,,,,
206,2.53,95,2,52.73,217,6.52,ZW,2.9,3.0,16900,145,3.4,,11/30/2017 11:20:00,,,,,
217,2.66,89,2,53.38,200,5.35,ZZW,2.8,3.0,7910,60,5,,11/30/2017 11:20:00,,,,,
220,7.19,-,4,52.65,252,5.40,WZW,-,-,-,-,8.6,,11/30/2017 11:20:00,,,,,
209,5.91,-,4,53.57,199,6.40,-,-,-,-,-,-,,11/30/2017 11:20:00,,,,,
223,11.13,-,6,52.47,301,4.52,-,-,-,-,-,-,,11/30/2017 11:20:00,,,,,
224,7.46,-,4,52.47,316,4.57,NW,-,-,-,-,11.1,,11/30/2017 11:20:00,,,,,
210,4.47,88,3,53.42,265,6.20,W,3.5,3.5,-,77,5.7,,11/30/2017 11:20:00,,,,,
240,12.58,-,6,51.93,318,3.67,-,-,-,-,-,-,,11/30/2017 11:20:00,,,,,
244,2.08,97,2,53.22,178,5.77,Z,2.2,1.6,49900,134,2.8,,11/30/2017 11:20:00,,,,,
221,3.25,87,2,52.45,249,5.53,WZW,3.6,3.4,49400,89,5.1,,11/30/2017 11:20:00,,,,,
212,4.22,90,3,51.97,232,4.93,ZW,3.8,4.0,25700,93,5.5,,11/30/2017 11:20:00,,,,,
208,4.04,95,3,50.92,252,5.78,WZW,1.9,2.2,8510,45,6.4,,11/30/2017 11:20:00,,,,,
243,2.28,86,2,52.70,265,5.88,W,3.6,3.4,20500,84,3.7,,11/30/2017 11:20:00,,,,,
204,3.73,96,3,53.20,203,7.15,ZZW,2.5,2.8,-,78,4.8,,11/30/2017 11:20:00,,,,,
238,13.08,-,6,51.77,302,3.62,-,-,-,-,-,-,,11/30/2017 11:20:00,,,,,
227,2.7,88,2,51.95,198,4.45,ZZW,4.5,3.9,45200,176,6.1,,11/30/2017 11:20:00,,,,,
228,1.62,-,2,51.88,172,4.32,Z,-,-,-,-,2.1,,11/30/2017 11:20:00,,,,,
239,12.85,-,6,51.65,315,3.70,-,-,-,-,-,-,,11/30/2017 11:20:00,,,,,
226,2.97,89,2,52.30,196,4.77,ZZW,4.0,4.0,28300,106,5.5,,11/30/2017 11:20:00,,,,,
236,11.61,-,6,51.60,320,4.00,-,-,-,-,-,-,,11/30/2017 11:20:00,,,,,
222,3.38,90,2,52.88,221,5.38,ZW,3.6,3.1,46900,67,5.5,,11/30/2017 11:20:00,,,,,
215,10.51,-,5,53.00,335,4.75,NNW,-,-,-,-,13,,11/30/2017 11:20:00,,,,,
235,8.38,-,5,51.52,267,4.13,-,-,-,-,-,-,,11/30/2017 11:20:00,,,,,
202,2.47,93,2,52.27,214,6.90,ZW,3.3,3.6,12100,134,4.2,,11/30/2017 11:20:00,,,,,
232,13.34,-,6,51.50,318,3.25,-,-,-,-,-,-,,11/30/2017 11:20:00,,,,,
216,6.66,77,4,53.25,348,4.92,NNW,5.8,5.6,24500,-,12.1,,11/30/2017 11:20:00,,,,,
233,5.65,85,4,51.45,304,3.60,NW,3.9,3.4,23600,70,10,,11/30/2017 11:20:00,,,,,
246,4.62,91,3,51.65,247,5.70,WZW,3.7,3.7,22100,86,6.7,,11/30/2017 11:20:00,,,,,
230,2.64,85,2,52.12,46,4.43,NO,3.8,3.7,20800,54,6.5,,11/30/2017 11:20:00,,,,,
241,3.85,90,3,51.23,286,3.83,WNW,2.6,2.3,3260,8,7.9,,11/30/2017 11:20:00,,,,,
219,3.6,-,3,52.63,258,5.17,WZW,-,-,-,-,6,,11/30/2017 11:20:00,,,,,
225,-,74,0,52.50,0,4.60,-,5.0,4.6,-,67,-,,11/30/2017 11:20:00,,,,,
237,4.2,95,3,51.45,262,4.33,W,3.5,3.6,45200,-,6.5,,11/30/2017 11:20:00,,,,,
251,10.15,78,5,54.85,0,4.73,-,5.0,-,14900,-,15.3,,11/30/2017 11:20:00,,,,,
250,13.63,-,6,53.22,340,3.22,-,-,-,-,-,-,,11/30/2017 11:20:00,,,,,
302,,,,693016.214052,,5760958.218467,,,,,,,798.0,2017-11-30T10:00:00Z,,,,,583.9
481,,,,692549.349346,,5760669.710691,,,,,,,790.0,2017-11-30T10:00:00Z,,,,,
434,,,,652169.607315,,5758925.037983,,,,,,,289.0,2017-11-30T10:00:00Z,,,,,
90,,,,714790.287523,,5767837.758842,,,,,,,727.0,2017-11-30T10:00:00Z,,,,,
420,,,,689271.050964,,5626372.648812,,,,,,,4520.0,2017-11-30T10:00:00Z,,4753.0,,,389.58
113,,,,526380.654363,,5692139.651956,,,,,,,203.0,2017-11-30T09:50:00Z,,,,191.0,
68,,,,640801.309746,,5820798.145219,,,,,,,-31.0,2017-11-30T10:00:00Z,,,,,
47,,,,569321.823604,,5699870.022692,,,,,,,216.0,2017-11-30T09:50:00Z,,,,14.0,
361,,,,703957.072471,,5673271.40971,,,,,,,2071.0,2017-11-30T10:00:00Z,,,,,
391,,,,704043.654025,,5673502.340176,,,,,,,1506.0,2017-11-30T10:00:00Z,,,,,
281,,,,687640.806395,,5739588.140585,,,,,,,579.0,2017-11-30T10:00:00Z,,,,,
114,,,,717538.4911,,5782864.851788,,,,,,,531.0,2017-11-30T10:00:00Z,,,,,
6,,,,576913.824086,,5759131.959309,,,,,,,94.0,2017-11-30T09:50:00Z,,,,,
542,,,,626695.345821,,5736960.640322,,,,,,,76.0,2017-11-30T10:00:00Z,,,,,
556,,,,627297.03495,,5722935.726168,,,,,,,523.0,2017-11-30T09:50:00Z,,,,,
368,,,,627268.63365,,5723051.848012,,,,,,,522.0,2017-11-30T09:50:00Z,,,,,
64,,,,700021.922,,5762290.374688,,,,,,,899.0,2017-11-30T10:00:00Z,,,,,583.9
143,,,,603084.756918,,5813700.79688,,,,,,,24.0,2017-11-30T09:50:00Z,,,,147.0,
102,,,,689909.250481,,5634235.002208,,,,,,,4428.0,2017-11-30T10:00:00Z,,,,,
316,,,,579010.995948,,5723754.575907,,,,,,,129.0,2017-11-30T10:00:00Z,,,,,
88,,,,703613.90338,,5757759.149855,,,,,,,969.0,2017-11-30T10:00:00Z,,,,,
7,,,,662953.888711,,5730335.305185,,,,,,,197.0,2017-11-30T10:00:00Z,,,,,
326,,,,686302.855964,,5680561.209692,,,,,,,3366.0,2017-11-30T10:00:00Z,,,,,
515,,,,663040.100207,,5729985.679633,,,,,,,474.0,2017-11-30T10:00:00Z,,,,,
116,,,,661069.630073,,5734705.561027,,,,,,,152.0,2017-11-30T10:00:00Z,,,,,
388,,,,661149.931278,,5734534.931542,,,,,,,197.0,2017-11-30T10:00:00Z,,,,,
389,,,,712630.911328,,5929208.21009,,,,,,,-7.0,2017-11-30T09:50:00Z,,,,3.0,
86,,,,637382.403594,,5866830.027239,,,,,,,-25.0,2017-11-30T10:00:00Z,,,,,
70,,,,559971.039694,,5710455.110021,,,,,,,-27.0,2017-11-30T10:00:00Z,,,,,
363,,,,656430.583587,,5882780.822035,,,,,,,-26.0,2017-11-30T10:00:00Z,,,,,
4,,,,576917.675576,,5759136.134634,,,,,,,104.0,2017-11-30T10:00:00Z,,,,,
49,,,,585156.455736,,5702032.900146,,,,,,,5.0,2017-11-30T10:00:00Z,,,,,
54,,,,629416.529543,,5741087.67409,,,,,,,93.0,2017-11-30T10:00:00Z,,,,,
110,,,,576844.532472,,5717534.171698,,,,,,,127.0,2017-11-30T10:00:00Z,,,,,
393,,,,712781.630765,,5808684.325383,,,,,,,217.0,2017-11-30T10:00:00Z,,,,,
320,,,,707907.37444,,5724461.634442,,,,,,,1087.0,2017-11-30T10:00:00Z,,,,,
443,,,,705196.828403,,5835766.684656,,,,,,,0.0,2017-11-30T10:00:00Z,,,,,105.07
273,,,,646686.811653,,5762070.32515,,,,,,,270.0,2017-11-30T10:00:00Z,,,,,551.02
190,,,,698819.547954,,5668220.61838,,,,,,,2193.0,2017-11-30T10:00:00Z,,2426.0,,,
466,,,,530586.16233,,5708023.592029,,,,,,,189.0,2017-11-30T10:00:00Z,,,,,
282,,,,647684.020117,,5914923.778702,,,,,,,-36.0,2017-11-30T10:00:00Z,,,,,
268,,,,581085.288038,,5692456.472705,,,,,,,184.0,2017-11-30T10:00:00Z,,,,,
530,,,,654720.682813,,5742862.173264,,,,,,,313.0,2017-11-30T10:00:00Z,,,,,
312,,,,612028.611787,,5750170.820423,,,,,,,55.0,2017-11-30T10:00:00Z,,,,,
441,,,,624112.288321,,5878437.182946,,,,,,,-33.0,2017-11-30T10:00:00Z,,,,,
378,,,,680972.087153,,5753241.864733,,,,,,,706.0,2017-11-30T10:00:00Z,,,,,
134,,,,677977.50412,,5758577.555598,,,,,,,634.0,2017-11-30T10:00:00Z,,,,,
266,,,,712485.362427,,5922496.962185,,,,,,,-18.0,2017-11-30T10:00:00Z,,,,,
451,,,,662725.626721,,5728476.608259,,,,,,,470.0,2017-11-30T10:00:00Z,,,,,
297,,,,739970.574865,,5788881.273973,,,,,,,1006.0,2017-11-30T10:00:00Z,,,,,7.64
544,,,,686097.400031,,5680454.215454,,,,,,,3565.0,2017-11-30T10:00:00Z,,,,,
198,,,,689894.76154,,5634222.450172,,,,,,,4427.0,2017-11-30T10:00:00Z,,4660.0,,,591.97
394,,,,557114.37845,,5687543.339031,,,,,,,226.0,2017-11-30T10:00:00Z,,,,,
94,,,,578158.588668,,5741741.00251,,,,,,,72.0,2017-11-30T10:00:00Z,,,,,
494,,,,709112.91107,,5679696.729673,,,,,,,1491.0,2017-11-30T10:00:00Z,,,,,
269,,,,689073.252191,,5626524.995298,,,,,,,4579.0,2017-11-30T09:00:00Z,,,,,
33,,,,689732.807648,,5624966.516572,,,,,,,5193.0,2017-11-30T09:00:00Z,,,,,
277,,,,691684.46646,,5645090.205545,,,,,,,3780.0,2017-11-30T09:50:00Z,,4013.0,,,
193,,,,586551.020315,,5772806.492926,,,,,,,73.0,2017-11-30T10:00:00Z,,,,,
318,,,,691227.71,,5920843.208887,,,,,,,6.0,2017-11-30T10:00:00Z,,,,,
26,,,,547224.950585,,5718947.123692,,,,,,,166.0,2017-11-30T10:00:00Z,,,,,
145,,,,720813.548214,,5783644.284247,,,,,,,513.0,2017-11-30T10:00:00Z,,,,,
106,,,,721447.11767,,5783825.281439,,,,,,,999.0,2017-11-30T10:00:00Z,,,,,
29,,,,585869.858693,,5752617.798259,,,,,,,85.0,2017-11-30T10:00:00Z,,,,,
353,,,,692466.626442,,5833109.039747,,,,,,,-2.0,2017-11-30T10:00:00Z,,,,,
256,,,,639430.974074,,5907184.533288,,,,,,,-49.0,2017-11-30T10:00:00Z,,,,,
171,,,,571389.15617,,5694632.643252,,,,,,,199.0,2017-11-30T10:00:00Z,,,,,
199,,,,556607.80335,,5687689.631979,,,,,,,227.0,2017-11-30T10:00:00Z,,,,,
43,,,,556380.6258,,5675741.83928,,,,,,,216.0,2017-11-30T10:00:00Z,,,,,
167,,,,586153.416771,,5695329.346307,,,,,,,187.0,2017-11-30T10:00:00Z,,,,,
128,,,,552708.483305,,5695847.452714,,,,,,,222.0,2017-11-30T10:00:00Z,,,,,
402,,,,558209.898343,,5682908.413196,,,,,,,219.0,2017-11-30T10:00:00Z,,,,,
339,,,,630857.844577,,5731615.740971,,,,,,,78.0,2017-11-30T10:00:00Z,,,,,
300,,,,646714.241153,,5733775.471146,,,,,,,112.0,2017-11-30T10:00:00Z,,,,,
135,,,,609559.811683,,5814278.949935,,,,,,,-42.0,2017-11-30T10:00:00Z,,,,,
289,,,,704307.691088,,5731476.655284,,,,,,,850.0,2017-11-30T10:00:00Z,,,,,
346,,,,642605.985795,,5860298.308032,,,,,,,-7.0,2017-11-30T10:00:00Z,,,,10.0,
274,,,,627249.500532,,5756317.52901,,,,,,,62.0,2017-11-30T10:00:00Z,,,,,
335,,,,617197.18179,,5886477.149363,,,,,,,-51.0,2017-11-30T10:00:00Z,,,,,
362,,,,576742.071009,,5691085.791138,,,,,,,193.0,2017-11-30T10:00:00Z,,,,,
182,,,,591891.278025,,5746546.953281,,,,,,,73.0,2017-11-30T10:00:00Z,,,,,
456,,,,668815.969155,,5753095.673817,,,,,,,357.0,2017-11-30T10:00:00Z,,,,,
275,,,,657488.747442,,5760655.260684,,,,,,,-37.0,2017-11-30T10:00:00Z,,,,,34.03
260,,,,556245.98136,,5733151.197758,,,,,,,152.0,2017-11-30T10:00:00Z,,,,,
186,,,,717897.611234,,5823514.052136,,,,,,,41.0,2017-11-30T10:00:00Z,,,,,
63,,,,669207.549761,,5724760.420313,,,,,,,850.0,2017-11-30T10:00:00Z,,,,,
458,,,,584169.539965,,5694953.046236,,,,,,,179.0,2017-11-30T09:50:00Z,,,,18.0,
157,,,,668974.020934,,5724806.480874,,,,,,,466.0,2017-11-30T10:00:00Z,,,,,
359,,,,669044.774554,,5724751.185701,,,,,,,849.0,2017-11-30T10:00:00Z,,,,,
127,,,,541518.74592,,5699254.96426,,,,,,,214.0,2017-11-30T10:00:00Z,,,,,
439,,,,560102.885493,,5710490.371879,,,,,,,130.0,2017-11-30T10:00:00Z,,,,,
377,,,,687095.300245,,5705012.45077,,,,,,,2059.0,2017-11-30T10:00:00Z,,,,,
462,,,,580601.223919,,5707619.048603,,,,,,,115.0,2017-11-30T10:00:00Z,,,,,
427,,,,548589.163583,,5707494.176378,,,,,,,-30.0,2017-11-30T10:00:00Z,,,,,
414,,,,691419.471644,,5689746.845761,,,,,,,2867.0,2017-11-30T09:50:00Z,,,,,
550,,,,609009.433796,,5814225.742434,,,,,,,21.0,2017-11-30T10:00:00Z,,,,,
156,,,,679052.96581,,5831566.005578,,,,,,,-5.0,2017-11-30T10:00:00Z,,,,,
141,,,,669341.123356,,5742692.269912,,,,,,,492.0,2017-11-30T10:00:00Z,,,,,
78,,,,713748.841039,,5748948.952085,,,,,,,1091.0,2017-11-30T10:00:00Z,,,,,3364.48
89,,,,668689.519597,,5793042.091538,,,,,,,-27.0,2017-11-30T10:00:00Z,,,,,
108,,,,665657.636316,,5761130.558628,,,,,,,557.0,2017-11-30T10:00:00Z,,,,,
75,,,,691537.055801,,5642947.254519,,,,,,,4395.0,2017-11-30T10:00:00Z,,,,,28.68
482,,,,715231.230155,,5793662.505601,,,,,,,387.0,2017-11-30T10:00:00Z,,,,,
285,,,,761913.320818,,5915831.926022,,,,,,,74.0,2017-11-30T10:00:00Z,,,,,
36,,,,691409.923843,,5815602.364983,,,,,,,-25.0,2017-11-30T10:00:00Z,,,,,
263,,,,754251.664252,,5928910.13725,,,,,,,14.0,2017-11-30T10:00:00Z,,,,,
375,,,,679287.928377,,5717072.851787,,,,,,,1285.0,2017-11-30T10:00:00Z,,,,,
488,,,,615152.318602,,5742285.577188,,,,,,,63.0,2017-11-30T10:00:00Z,,,,,
374,,,,679172.515728,,5717217.50165,,,,,,,1065.0,2017-11-30T10:00:00Z,,,,,
512,,,,682480.340777,,5713083.183476,,,,,,,1505.0,2017-11-30T10:00:00Z,,,,,
423,,,,682427.250315,,5713146.29078,,,,,,,1284.0,2017-11-30T09:10:00Z,,,,,
557,,,,559821.959473,,5710640.211067,,,,,,,-29.0,2017-11-30T10:00:00Z,,,,,
473,,,,544570.753715,,5714696.712456,,,,,,,-32.0,2017-11-30T10:00:00Z,,,,,
183,,,,691326.591753,,5690204.083605,,,,,,,2704.0,2017-11-30T09:50:00Z,,,,,
270,,,,691347.958981,,5690061.925782,,,,,,,2867.0,2017-11-30T09:50:00Z,,,,,
131,,,,617120.700587,,5869664.281452,,,,,,,-35.0,2017-11-30T10:00:00Z,,,,,
483,,,,626668.330142,,5723464.054377,,,,,,,5.0,2017-11-30T10:00:00Z,,,,,
259,,,,692058.904218,,5650900.005767,,,,,,,3233.0,2017-11-30T09:50:00Z,,3466.0,,,
30,,,,694045.325671,,5654179.313696,,,,,,,3043.0,2017-11-30T09:50:00Z,,3276.0,,,
323,,,,693507.397889,,5656791.062311,,,,,,,2900.0,2017-11-30T09:50:00Z,,3133.0,,,
147,,,,626849.923647,,5723496.316795,,,,,,,72.0,2017-11-30T10:00:00Z,,,,,
160,,,,686975.412981,,5705401.834507,,,,,,,1564.0,2017-11-30T10:00:00Z,,,,,
184,,,,583254.246766,,5715602.95849,,,,,,,5.0,2017-11-30T10:00:00Z,,,,,
58,,,,691900.032712,,5683736.805137,,,,,,,3173.0,2017-11-30T10:00:00Z,,,,,
467,,,,691802.009188,,5683736.026078,,,,,,,3360.0,2017-11-30T10:00:00Z,,,,,
115,,,,688436.415146,,5639314.512678,,,,,,,4042.0,2017-11-30T10:00:00Z,,,,,16.67
192,,,,632645.127609,,5804844.296719,,,,,,,-38.0,2017-11-30T10:00:00Z,,,,,
431,,,,637499.067706,,5798364.141136,,,,,,,-39.0,2017-11-30T10:00:00Z,,,,,60.0
381,,,,637883.685853,,5718135.860859,,,,,,,522.0,2017-11-30T10:00:00Z,,,,,
314,,,,753602.882692,,5931845.617038,,,,,,,9.0,2017-11-30T09:50:00Z,,,,37.0,
372,,,,575133.543448,,5757544.118373,,,,,,,106.0,2017-11-30T10:00:00Z,,,,,
103,,,,703466.009327,,5761861.594699,,,,,,,915.0,2017-11-30T10:00:00Z,,,,,
295,,,,699646.985298,,5673334.451039,,,,,,,2874.0,2017-11-30T10:00:00Z,,,,,
158,,,,665014.027922,,5823091.364619,,,,,,,-5.0,2017-11-30T10:00:00Z,,,,,
294,,,,664935.650384,,5822012.241694,,,,,,,-28.0,2017-11-30T10:00:00Z,,,,,
61,,,,685648.879015,,5708759.267033,,,,,,,1509.0,2017-11-30T10:00:00Z,,,,,
317,,,,518884.956436,,5760829.355416,,,,,,,106.0,2017-11-30T10:00:00Z,,,,,
169,,,,605632.956828,,5813598.089451,,,,,,,21.0,2017-11-30T10:00:00Z,,,,,
528,,,,703006.482726,,5759763.602147,,,,,,,950.0,2017-11-30T10:00:00Z,,,,,
92,,,,654310.047871,,5840559.420062,,,,,,,0.0,2017-11-30T10:00:00Z,,,,,
280,,,,654164.469546,,5840393.496391,,,,,,,-31.0,2017-11-30T10:00:00Z,,,,,
333,,,,608561.16757,,5752923.125046,,,,,,,53.0,2017-11-30T10:00:00Z,,,,,
101,,,,661156.301158,,5894527.946154,,,,,,,-15.0,2017-11-30T10:00:00Z,,,,,
552,,,,698329.557942,,5826410.539437,,,,,,,8.0,2017-11-30T10:00:00Z,,,,,
449,,,,560002.850035,,5710674.158094,,,,,,,127.0,2017-11-30T10:00:00Z,,,,,
330,,,,686891.673179,,5829056.903491,,,,,,,-4.0,2017-11-30T10:00:00Z,,,,,
404,,,,656615.548766,,5882512.857226,,,,,,,-6.0,2017-11-30T10:00:00Z,,,,,
410,,,,705788.247439,,5671745.072393,,,,,,,1799.0,2017-11-30T10:00:00Z,,,,,
520,,,,667699.101552,,5742683.928092,,,,,,,201.0,2017-11-30T10:00:00Z,,,,,
432,,,,546063.014918,,5752991.391662,,,,,,,120.0,2017-11-30T10:00:00Z,,,,,
367,,,,682542.589561,,5858127.832702,,,,,,,-5.0,2017-11-30T10:00:00Z,,,,,
485,,,,600028.51004,,5743160.046169,,,,,,,64.0,2017-11-30T10:00:00Z,,,,,
124,,,,579315.78417,,5756869.314541,,,,,,,102.0,2017-11-30T10:00:00Z,,,,15.0,
155,,,,579684.940372,,5757231.169463,,,,,,,102.0,2017-11-30T10:00:00Z,,,,19.0,
505,,,,618038.127539,,5763166.286328,,,,,,,50.0,2017-11-30T10:00:00Z,,,,,
178,,,,612115.212896,,5729455.430142,,,,,,,68.0,2017-11-30T10:00:00Z,,,,,
548,,,,710171.351377,,5828276.627263,,,,,,,2.0,2017-11-30T10:00:00Z,,,,,
161,,,,696323.704869,,5748468.590684,,,,,,,862.0,2017-11-30T10:00:00Z,,,,,
153,,,,668611.166073,,5793006.01785,,,,,,,-32.0,2017-11-30T10:00:00Z,,,,,
159,,,,637644.237425,,5866478.622521,,,,,,,-10.0,2017-11-30T10:00:00Z,,,,,
498,,,,546744.726668,,5730119.150865,,,,,,,159.0,2017-11-30T10:00:00Z,,,,,
405,,,,646404.276072,,5762449.241055,,,,,,,131.0,2017-11-30T10:00:00Z,,,,,
45,,,,569316.554583,,5699858.828033,,,,,,,215.0,2017-11-30T09:50:00Z,,,,15.0,
65,,,,689753.066717,,5697307.24277,,,,,,,2505.0,2017-11-30T10:00:00Z,,,,,
470,,,,689652.553076,,5697401.033128,,,,,,,2261.0,2017-11-30T10:00:00Z,,,,,
502,,,,590321.143,,5749819.654576,,,,,,,77.0,2017-11-30T10:00:00Z,,,,,
25,,,,547230.972543,,5718947.291124,,,,,,,167.0,2017-11-30T09:50:00Z,,,,2.0,
558,,,,665152.504311,,5760973.893438,,,,,,,399.0,2017-11-30T10:00:00Z,,,,,
386,,,,585554.805943,,5697809.870896,,,,,,,8.0,2017-11-30T10:00:00Z,,,,,
301,,,,716920.089955,,5689851.325118,,,,,,,1392.0,2017-11-30T10:00:00Z,,,,,
173,,,,717185.662502,,5691754.534661,,,,,,,1301.0,2017-11-30T10:00:00Z,,,,,
411,,,,689365.319848,,5639150.484211,,,,,,,4041.0,2017-11-30T10:00:00Z,,4274.0,,,617.31
133,,,,617115.285091,,5810626.046956,,,,,,,-37.0,2017-11-30T10:00:00Z,,,,,
306,,,,689921.494977,,5638750.211291,,,,,,,4402.0,2017-11-30T10:00:00Z,,,,,
523,,,,592852.349052,,5750773.296747,,,,,,,73.0,2017-11-30T10:00:00Z,,,,,
370,,,,644981.501326,,5766893.93481,,,,,,,-36.0,2017-11-30T10:00:00Z,,,,,-16.42
304,,,,569683.338543,,5716519.094414,,,,,,,130.0,2017-11-30T10:00:00Z,,,,,
533,,,,705544.98611,,5725784.891428,,,,,,,908.0,2017-11-30T10:00:00Z,,,,,
191,,,,668937.952337,,5752825.488674,,,,,,,574.0,2017-11-30T10:00:00Z,,,,,2036.57
553,,,,719860.008588,,5695442.050365,,,,,,,1279.0,2017-11-30T10:00:00Z,,,,,708.27
337,,,,603140.057608,,5753205.340753,,,,,,,58.0,2017-11-30T10:00:00Z,,,,,
428,,,,708345.535318,,5676349.211151,,,,,,,1684.0,2017-11-30T10:00:00Z,,,,,
139,,,,638000.557072,,5718048.684347,,,,,,,781.0,2017-11-30T10:00:00Z,,,,,
352,,,,676620.327034,,5744906.864985,,,,,,,517.0,2017-11-30T10:00:00Z,,,,,753.73
15,,,,711556.219876,,5803627.644558,,,,,,,283.0,2017-11-30T10:00:00Z,,,,,474.82
130,,,,709275.330184,,5750889.286493,,,,,,,1047.0,2017-11-30T10:00:00Z,,,,,
125,,,,651339.912523,,5822566.220329,,,,,,,-27.0,2017-11-30T10:00:00Z,,,,29.0,
509,,,,696163.233538,,5664104.199934,,,,,,,2420.0,2017-11-30T09:50:00Z,,2658.0,,,701.75
152,,,,557010.963541,,5733398.274746,,,,,,,153.0,2017-11-30T10:00:00Z,,,,,
426,,,,672717.142705,,5847343.709957,,,,,,,-5.0,2017-11-30T10:00:00Z,,,,29.0,
129,,,,649545.774262,,5864821.801182,,,,,,,-8.0,2017-11-30T10:00:00Z,,,,16.0,
52,,,,641030.849507,,5716527.469643,,,,,,,1262.0,2017-11-30T10:00:00Z,,,,,
364,,,,684146.384861,,5711061.477341,,,,,,,1507.0,2017-11-30T10:00:00Z,,,,,
149,,,,684090.960069,,5711132.278091,,,,,,,1317.0,2017-11-30T10:00:00Z,,,,,
38,,,,710122.268321,,5767364.157718,,,,,,,807.0,2017-11-30T10:00:00Z,,,,,
444,,,,588452.513701,,5740189.622964,,,,,,,65.0,2017-11-30T09:50:00Z,,,,,
360,,,,699492.438257,,5665530.988163,,,,,,,3281.0,2017-11-30T10:00:00Z,,,,,
501,,,,567273.844973,,5732426.582107,,,,,,,-18.0,2017-11-30T10:00:00Z,,,,,
526,,,,538128.059912,,5694617.614235,,,,,,,-93.0,2017-11-24T08:30:00Z,,,,,
450,,,,557117.322736,,5733358.658548,,,,,,,-17.0,2017-11-30T10:00:00Z,,,,,
471,,,,645769.225026,,5799459.576915,,,,,,,-35.0,2017-11-30T10:00:00Z,,,,,
276,,,,709609.469161,,5683075.676797,,,,,,,1470.0,2017-11-30T10:00:00Z,,,,,
380,,,,589642.774011,,5683578.080008,,,,,,,171.0,2017-11-30T09:50:00Z,,387.0,,,
197,,,,586211.535558,,5689294.499172,,,,,,,167.0,2017-11-30T09:50:00Z,,386.0,,,
16,,,,653223.417218,,5707510.819692,,,,,,,1504.0,2017-11-30T10:00:00Z,,,,,
344,,,,655016.251709,,5922412.475807,,,,,,,-63.0,2017-11-30T10:00:00Z,,,,,
262,,,,658939.322141,,5791920.145257,,,,,,,-32.0,2017-11-30T10:00:00Z,,,0.009,,9.0
412,,,,656955.58668,,5733855.159852,,,,,,,223.0,2017-11-30T09:50:00Z,,,,,23.07
560,,,,623889.736008,,5738174.308587,,,,,,,105.0,2017-11-30T10:00:00Z,,,,,
401,,,,702209.986878,,5690100.638267,,,,,,,3161.0,2017-11-30T09:50:00Z,,,,,1.38
436,,,,702228.5377,,5690141.348323,,,,,,,3122.0,2017-11-30T09:50:00Z,,,,,
350,,,,625679.499691,,5736104.496295,,,,,,,79.0,2017-11-30T10:00:00Z,,,,,
440,,,,687841.447598,,5699509.896778,,,,,,,2268.0,2017-11-30T10:00:00Z,,,,,
80,,,,687811.199433,,5699650.511385,,,,,,,2069.0,2017-11-30T10:00:00Z,,,,,
14,,,,503285.176049,,5693783.401895,,,,,,,181.0,2017-11-30T09:30:00Z,,,,193.0,
349,,,,508316.61612,,5690021.064229,,,,,,,190.0,2017-11-30T09:30:00Z,,,,211.0,
59,,,,513916.25461,,5693276.406838,,,,,,,193.0,2017-11-30T09:50:00Z,,,,,
309,,,,643345.302236,,5731092.288776,,,,,,,195.0,2017-11-30T09:30:00Z,,,,,10.07
383,,,,653241.365937,,5707542.190151,,,,,,,1504.0,2017-11-30T10:00:00Z,,,,,
150,,,,653131.710765,,5707531.871435,,,,,,,1259.0,2017-11-30T10:00:00Z,,,,,
503,,,,707301.644097,,5822002.980065,,,,,,,94.0,2017-11-30T10:00:00Z,,,,,
265,,,,697723.437593,,5738111.554233,,,,,,,796.0,2017-11-30T10:00:00Z,,,,,
105,,,,460977.276815,,5693283.331269,,,,,,,172.0,2017-11-30T09:30:00Z,,,,226.0,
187,,,,481077.108637,,5666633.099867,,,,,,,205.0,2017-11-30T09:50:00Z,,,,,
396,,,,693210.501109,,5684665.236063,,,,,,,3166.0,2017-11-30T09:50:00Z,,,,,1.86
296,,,,686538.397259,,5703031.157083,,,,,,,2058.0,2017-11-30T09:40:00Z,,,,,
177,,,,693472.901342,,5656744.902172,,,,,,,2756.0,2017-11-30T09:50:00Z,,2989.0,,,
10,,,,675189.864836,,5720599.544478,,,,,,,860.0,2017-11-30T10:00:00Z,,,,,
524,,,,675291.715961,,5720538.727654,,,,,,,1065.0,2017-11-30T10:00:00Z,,,,,
517,,,,571218.768778,,5742305.127077,,,,,,,138.0,2017-11-30T10:00:00Z,,,,,
347,,,,749337.071815,,5930675.34867,,,,,,,58.0,2017-11-30T10:00:00Z,,,,,
332,,,,638300.406531,,5779027.576902,,,,,,,-40.0,2017-11-30T10:00:00Z,,,,,45.71
358,,,,683288.335483,,5923648.189778,,,,,,,-17.0,2017-11-30T09:50:00Z,,,,14.0,
56,,,,724996.335864,,5941470.270359,,,,,,,-43.0,2017-11-30T10:00:00Z,,,,,
34,,,,633923.606588,,5804978.304195,,,,,,,-33.0,2017-11-30T10:00:00Z,,,,,
51,,,,641893.412715,,5859900.873859,,,,,,,-8.0,2017-11-30T10:00:00Z,,,,8.0,
50,,,,693533.911695,,5648764.185161,,,,,,,3635.0,2017-11-30T10:00:00Z,,3868.0,,,
60,,,,516800.113958,,5705870.543013,,,,,,,182.0,2017-11-30T10:00:00Z,,,,,
425,,,,597907.403629,,5676161.707567,,,,,,,79.0,2017-11-30T09:50:00Z,,375.0,,,
31,,,,702694.643299,,5760693.572208,,,,,,,937.0,2017-11-30T10:00:00Z,,,,,
392,,,,747296.179521,,5808689.096317,,,,,,,1006.0,2017-11-30T10:00:00Z,,,,,
418,,,,759826.613435,,5795192.447808,,,,,,,2512.0,2017-11-30T09:50:00Z,,,,,
461,,,,759525.047476,,5795230.546866,,,,,,,1611.0,2017-11-30T09:50:00Z,,,,,
496,,,,759505.640783,,5795302.987974,,,,,,,1756.0,2017-11-30T09:50:00Z,,,,,
413,,,,692863.584785,,5829443.880195,,,,,,,1.0,2017-11-30T10:00:00Z,,,,,
67,,,,709204.680145,,5838074.231699,,,,,,,1.0,2017-11-30T10:00:00Z,,,,,11.47
19,,,,780831.821762,,5906307.021546,,,,,,,117.0,2017-11-30T10:00:00Z,,,,,
538,,,,732164.374587,,5824057.627843,,,,,,,266.0,2017-11-30T10:00:00Z,,,,,52.0
371,,,,730761.897118,,5824684.037887,,,,,,,273.0,2017-11-30T05:20:00Z,,,,,999999999.0
433,,,,715193.379434,,5843888.399836,,,,,,,-1.0,2017-11-30T10:00:00Z,,,,,
148,,,,750329.974186,,5836516.819459,,,,,,,911.0,2017-11-30T10:00:00Z,,,,,
257,,,,596628.599829,,5726644.600858,,,,,,,3.0,2017-11-30T10:00:00Z,,,,,
416,,,,598265.75613,,5728060.617283,,,,,,,67.0,2017-11-30T10:00:00Z,,,,,
253,,,,494763.389742,,5675930.505653,,,,,,,201.0,2017-11-30T09:50:00Z,,,,,
527,,,,681733.62853,,5677849.263122,,,,,,,3569.0,2017-11-30T10:00:00Z,,,,,11.49
298,,,,691010.974807,,5692400.214887,,,,,,,2502.0,2017-11-30T10:00:00Z,,,,,
406,,,,691029.340433,,5692257.832561,,,,,,,2706.0,2017-11-30T10:00:00Z,,,,,
118,,,,691997.277974,,5650992.460265,,,,,,,2971.0,2017-11-30T09:50:00Z,,3204.0,,,
356,,,,626225.60636,,5739515.401977,,,,,,,91.0,2017-11-30T10:00:00Z,,,,,
23,,,,661114.053605,,5734645.427685,,,,,,,160.0,2017-11-30T10:00:00Z,,,,,0.0
84,,,,656857.081582,,5733842.518791,,,,,,,140.0,2017-11-30T09:40:00Z,,,,,
341,,,,624641.684177,,5738634.646844,,,,,,,93.0,2017-11-30T10:00:00Z,,,,,
254,,,,629040.918117,,5740353.924159,,,,,,,9999.0,2017-11-30T10:00:00Z,,,,,
409,,,,626955.675037,,5736531.669103,,,,,,,91.0,2017-11-30T10:00:00Z,,,,,
438,,,,628505.856345,,5738561.995359,,,,,,,87.0,2017-11-30T10:00:00Z,,,,,
546,,,,696130.296599,,5933727.141389,,,,,,,-47.0,2017-11-30T10:00:00Z,,,,,
429,,,,703654.011023,,5922028.159523,,,,,,,12.0,2017-11-30T10:00:00Z,,,,,
307,,,,697343.332662,,5664854.727195,,,,,,,2252.0,2017-11-30T09:50:00Z,,2485.0,,,
417,,,,662708.60632,,5728416.508042,,,,,,,248.0,2017-11-30T10:00:00Z,,,,,
532,,,,667019.965162,,5855380.112805,,,,,,,0.0,2017-11-30T10:00:00Z,,,,31.0,
535,,,,697563.508475,,5668048.64114,,,,,,,2172.0,2017-11-30T09:50:00Z,,2405.0,,,
395,,,,638977.325773,,5743163.714544,,,,,,,129.0,2017-11-30T10:00:00Z,,,,,
104,,,,694256.322193,,5659080.395305,,,,,,,2836.0,2017-11-30T10:00:00Z,,3069.0,,,
18,,,,590594.272549,,5680409.317783,,,,,,,165.0,2017-11-30T09:50:00Z,,380.0,,,
1,,,,559257.920325,,5746126.312861,,,,,,,128.0,2017-11-30T10:00:00Z,,,,,
327,,,,708258.215108,,5836428.563548,,,,,,,1.0,2017-11-30T10:00:00Z,,,,,
419,,,,724630.236454,,5784598.640594,,,,,,,1002.0,2017-11-30T10:00:00Z,,,,,14.8
328,,,,701647.675597,,5838418.796076,,,,,,,-7.0,2017-11-30T10:00:00Z,,,,,
122,,,,533236.344109,,5721474.368058,,,,,,,166.0,2017-11-30T09:50:00Z,,,,249.0,
144,,,,548004.476485,,5722993.340583,,,,,,,167.0,2017-11-30T09:50:00Z,,,,136.0,
40,,,,574394.194893,,5706875.841889,,,,,,,117.0,2017-11-30T10:00:00Z,,,,,
20,,,,751161.938746,,5794893.640807,,,,,,,1602.0,2017-11-30T10:00:00Z,,,,,
448,,,,750931.979595,,5794733.827403,,,,,,,1000.0,2017-11-30T10:00:00Z,,,,,
559,,,,689386.003534,,5738035.715929,,,,,,,790.0,2017-11-30T10:00:00Z,,,,,
343,,,,643358.428104,,5766692.271725,,,,,,,58.0,2017-11-30T10:00:00Z,,,,,1.79
35,,,,591082.649256,,5723262.172145,,,,,,,1.0,2017-11-30T10:00:00Z,,,,,
325,,,,585865.38531,,5694233.250387,,,,,,,181.0,2017-11-30T10:00:00Z,,,,,
32,,,,585924.040678,,5694275.173457,,,,,,,8.0,2017-11-30T10:00:00Z,,,,,
284,,,,688703.334421,,5640969.792744,,,,,,,3988.0,2017-11-30T09:50:00Z,,4221.0,,,
288,,,,542904.767181,,5735254.05848,,,,,,,144.0,2017-11-30T09:50:00Z,,,,229.0,
529,,,,693608.724956,,5825600.958383,,,,,,,-5.0,2017-11-30T10:00:00Z,,,,,
53,,,,693587.252007,,5825251.515353,,,,,,,-27.0,2017-11-30T10:00:00Z,,,,,
168,,,,586867.075032,,5720173.60069,,,,,,,4.0,2017-11-30T08:40:00Z,,,,,6.41
510,,,,707323.119974,,5822136.221941,,,,,,,999999999.0,2017-11-28T19:40:00Z,,,,,
504,,,,712341.559017,,5749685.633066,,,,,,,999999999.0,2017-11-30T10:00:00Z,,,,,3390.9
93,,,,702912.456105,,5760277.429565,,,,,,,999999999.0,2017-11-30T10:00:00Z,,,,,
46,,,,708498.458912,,5752960.124412,,,,,,,999999999.0,2017-11-30T10:00:00Z,,,,,
292,,,,708504.735393,,5752920.290244,,,,,,,999999999.0,2017-11-30T10:00:00Z,,,,,
293,,,,714404.253172,,5715300.582908,,,,,,,999999999.0,2017-11-30T10:00:00Z,,,,,
540,,,,582772.404225,,5703850.432053,,,,,,,999999999.0,2017-11-30T09:50:00Z,,,,999999999.0,
96,,,,646384.590553,,5762438.545465,,,,,,,,2017-12-30T22:50:00Z,74.0,,,,
499,,,,667704.052028,,5742667.211266,,,,,,,,2017-12-30T22:50:00Z,108.0,,,,
397,,,,638972.852646,,5743176.418271,,,,,,,,2017-12-30T22:50:00Z,101.0,,,,
196,,,,629395.696096,,5741131.76483,,,,,,,,2017-12-30T22:50:00Z,57.0,,,,
340,,,,630857.894712,,5731615.70062,,,,,,,,2017-12-30T22:50:00Z,41.0,,,,
310,,,,646713.591015,,5733795.538415,,,,,,,,2017-12-30T22:50:00Z,61.0,,,,
278,,,,627246.546177,,5756327.60323,,,,,,,,2017-12-30T22:50:00Z,15.0,,,,
549,,,,637489.769006,,5866613.424672,,,,,,,,2017-12-30T22:50:00Z,-63.0,,,,
334,,,,608561.131041,,5752923.145449,,,,,,,,2017-12-30T22:50:00Z,19.0,,,,
76,,,,618097.58926,,5763189.983795,,,,,,,,2017-12-30T22:50:00Z,-9.0,,,,
123,,,,588343.209861,,5792203.101841,,,,,,,,2016-12-31T22:50:00Z,-47.0,,,,
534,,,,585954.633447,,5752601.14951,,,,,,,,2017-12-30T22:50:00Z,73.0,,,,
194,,,,586550.994421,,5772806.430697,,,,,,,,2017-12-30T22:50:00Z,77.0,,,,
338,,,,603140.0261,,5753205.34859,,,,,,,,2017-12-30T22:50:00Z,37.0,,,,
170,,,,605633.035699,,5813598.038973,,,,,,,,2017-12-30T22:50:00Z,-183.0,,,,
136,,,,603100.219284,,5813724.181742,,,,,,,,2017-12-30T22:50:00Z,8.0,,,,
398,,,,579806.564764,,5757030.495425,,,,,,,,2017-12-30T22:50:00Z,75.0,,,,
12,,,,579968.73554,,5753920.011722,,,,,,,,2016-12-31T22:50:00Z,-38.0,,,,
107,,,,611288.682208,,5848257.101654,,,,,,,,2017-12-30T22:50:00Z,-35.0,,,,
165,,,,575378.646957,,5758394.423652,,,,,,,,2016-12-31T22:50:00Z,-49.0,,,,
5,,,,576917.669784,,5759136.158185,,,,,,,,2017-12-30T22:50:00Z,102.0,,,,
324,,,,569191.051211,,5760650.710343,,,,,,,,2017-12-30T22:50:00Z,112.0,,,,
286,,,,617198.393684,,5869730.610307,,,,,,,,2017-12-30T22:50:00Z,-64.0,,,,
489,,,,615152.335513,,5742285.492523,,,,,,,,2017-12-30T22:50:00Z,28.0,,,,
180,,,,612111.938559,,5729441.331482,,,,,,,,2017-12-30T22:50:00Z,37.0,,,,
146,,,,612093.75531,,5750138.055795,,,,,,,,2017-12-30T22:50:00Z,14.0,,,,
486,,,,600028.51491,,5743160.034387,,,,,,,,2017-12-30T22:50:00Z,37.0,,,,
500,,,,600742.077773,,5751656.154085,,,,,,,,2017-12-30T22:50:00Z,42.0,,,,
422,,,,597556.364264,,5749665.998716,,,,,,,,2017-12-30T22:50:00Z,51.0,,,,
516,,,,592817.818949,,5750735.849804,,,,,,,,2017-12-30T22:50:00Z,55.0,,,,
120,,,,583307.836329,,5750805.791667,,,,,,,,2017-12-30T22:50:00Z,72.0,,,,
514,,,,584558.377915,,5750159.656248,,,,,,,,2017-12-30T22:50:00Z,110.0,,,,
91,,,,584630.895499,,5749656.899389,,,,,,,,2017-12-30T22:50:00Z,62.0,,,,
329,,,,590045.173566,,5746981.787838,,,,,,,,2017-12-30T22:50:00Z,54.0,,,,
299,,,,590411.762438,,5749466.529984,,,,,,,,2017-12-30T22:50:00Z,62.0,,,,
48,,,,591856.728848,,5746493.068868,,,,,,,,2017-12-30T22:50:00Z,53.0,,,,
373,,,,575133.511365,,5757544.162486,,,,,,,,2017-12-30T22:50:00Z,110.0,,,,
175,,,,576116.584943,,5754686.736543,,,,,,,,2017-12-30T22:50:00Z,92.0,,,,
525,,,,577010.806015,,5756544.563397,,,,,,,,2016-12-31T22:50:00Z,-41.0,,,,
164,,,,578243.146539,,5757457.264019,,,,,,,,2016-12-31T22:50:00Z,-49.0,,,,
81,,,,577763.755565,,5741589.541094,,,,,,,,2017-12-30T22:50:00Z,41.0,,,,
518,,,,571218.73553,,5742305.056616,,,,,,,,2017-12-30T22:50:00Z,127.0,,,,
87,,,,556017.142832,,5733628.795131,,,,,,,,2017-12-30T22:50:00Z,161.0,,,,
8,,,,559271.530521,,5746165.909621,,,,,,,,2017-12-30T22:50:00Z,134.0,,,,
463,,,,568360.903761,,5757300.674544,,,,,,,,2017-12-30T22:50:00Z,103.0,,,,
195,,,,570710.421515,,5757331.84737,,,,,,,,2017-12-30T22:50:00Z,112.0,,,,
355,,,,571676.866443,,5753731.738685,,,,,,,,2017-12-30T22:50:00Z,110.0,,,,
468,,,,780777.164604,,5906295.053836,,,,,,,,2017-12-30T22:50:00Z,91.0,,,,
271,,,,761899.77096,,5915790.484914,,,,,,,,2017-12-30T22:50:00Z,51.0,,,,
41,,,,754198.324755,,5929013.390364,,,,,,,,2017-12-30T22:50:00Z,-6.0,,,,
267,,,,712485.362632,,5922496.917522,,,,,,,,2017-12-30T22:50:00Z,-41.0,,,,
365,,,,712579.947805,,5929214.552636,,,,,,,,2017-12-30T22:50:00Z,-34.0,,,,
547,,,,696130.281367,,5933727.000711,,,,,,,,2017-12-30T22:50:00Z,-71.0,,,,
57,,,,724996.318368,,5941470.299505,,,,,,,,2017-12-30T22:50:00Z,-57.0,,,,
319,,,,691227.593928,,5920843.142942,,,,,,,,2017-12-30T22:50:00Z,-9.0,,,,
366,,,,683322.924393,,5923626.819101,,,,,,,,2017-12-30T22:50:00Z,-43.0,,,,
189,,,,654952.901605,,5924030.014812,,,,,,,,2017-12-30T22:50:00Z,-93.0,,,,
493,,,,656546.856355,,5882594.511278,,,,,,,,2017-12-30T22:50:00Z,-55.0,,,,
179,,,,661021.585505,,5894519.40967,,,,,,,,2017-12-30T22:50:00Z,-34.0,,,,
21,,,,639387.325892,,5907253.099208,,,,,,,,2017-12-30T22:50:00Z,-86.0,,,,
137,,,,647723.414002,,5914954.525559,,,,,,,,2017-12-30T22:50:00Z,-73.0,,,,
331,,,,624049.675784,,5878191.298585,,,,,,,,2017-12-30T22:50:00Z,-70.0,,,,
22,,,,615985.879866,,5887091.157022,,,,,,,,2017-12-30T22:50:00Z,-82.0,,,,
521,,,,598252.111076,,5728077.182045,,,,,,,,2017-12-30T22:50:00Z,37.0,,,,
478,,,,584172.789971,,5694908.142415,,,,,,,,2017-12-30T22:50:00Z,178.0,,,,
315,,,,574616.706917,,5706661.48206,,,,,,,,2017-12-30T22:50:00Z,97.0,,,,
554,,,,580896.100116,,5707333.915803,,,,,,,,2017-12-30T22:50:00Z,93.0,,,,
111,,,,576843.574168,,5717533.692518,,,,,,,,2017-12-30T22:50:00Z,105.0,,,,
342,,,,576756.115681,,5691113.199154,,,,,,,,2017-12-30T22:50:00Z,199.0,,,,
261,,,,581080.03756,,5692490.642354,,,,,,,,2017-12-30T22:50:00Z,188.0,,,,
172,,,,571389.152745,,5694632.620081,,,,,,,,2017-12-30T22:50:00Z,208.0,,,,
138,,,,569978.247612,,5699855.507496,,,,,,,,2017-12-30T22:50:00Z,217.0,,,,
541,,,,582772.384387,,5703850.439403,,,,,,,,2017-12-30T22:50:00Z,87.0,,,,
490,,,,579147.964913,,5723770.569475,,,,,,,,2017-12-30T22:50:00Z,110.0,,,,
100,,,,557108.70583,,5687533.035786,,,,,,,,2017-12-30T22:50:00Z,240.0,,,,
357,,,,551148.439315,,5695779.408925,,,,,,,,2017-12-30T22:50:00Z,239.0,,,,
255,,,,567116.935443,,5695350.191198,,,,,,,,2017-12-30T22:50:00Z,224.0,,,,
132,,,,548021.69941,,5722952.980035,,,,,,,,2017-12-30T22:50:00Z,170.0,,,,
445,,,,560012.757943,,5710671.594057,,,,,,,,2017-12-30T22:50:00Z,109.0,,,,
305,,,,569683.231566,,5716519.148377,,,,,,,,2017-12-30T22:50:00Z,110.0,,,,
17,,,,539273.416454,,5694360.994122,,,,,,,,2017-12-30T22:50:00Z,225.0,,,,
9,,,,541425.983215,,5699181.909684,,,,,,,,2017-12-30T22:50:00Z,226.0,,,,
459,,,,530529.343665,,5707906.220428,,,,,,,,2017-12-30T22:50:00Z,17.0,,,,
82,,,,547517.428302,,5718898.855169,,,,,,,,2017-12-30T22:50:00Z,117.0,,,,
28,,,,547219.705797,,5718950.111382,,,,,,,,2017-12-30T22:50:00Z,174.0,,,,
283,,,,533286.714217,,5721427.958965,,,,,,,,2017-12-30T22:50:00Z,174.0,,,,
37,,,,546689.223867,,5730284.432156,,,,,,,,2017-12-30T22:50:00Z,168.0,,,,
181,,,,542584.729619,,5735373.609333,,,,,,,,2017-12-30T22:50:00Z,155.0,,,,
79,,,,526187.137511,,5692072.821784,,,,,,,,2017-12-30T22:50:00Z,206.0,,,,
62,,,,516807.917788,,5705870.741982,,,,,,,,2017-12-30T22:50:00Z,184.0,,,,
522,,,,612969.079464,,5740500.375136,,,,,,,,2017-11-30T10:00:00Z,,,0.202,,
519,,,,612978.447521,,5740488.680422,,,,,,,,2017-11-30T10:00:00Z,,,0.17,,
495,,,,612986.872912,,5740475.963148,,,,,,,,2017-11-30T10:00:00Z,,,0.136,,
508,,,,612995.278339,,5740464.135556,,,,,,,,2017-11-30T10:00:00Z,,,0.108,,
476,,,,613004.646522,,5740452.44089,,,,,,,,2017-11-30T10:00:00Z,,,0.092,,
480,,,,613013.072035,,5740439.723658,,,,,,,,2017-11-30T10:00:00Z,,,0.062,,
464,,,,613022.509247,,5740428.030576,,,,,,,,2017-11-30T10:00:00Z,,,0.047,,
454,,,,613030.934844,,5740415.313374,,,,,,,,2017-11-30T10:00:00Z,,,0.063,,
430,,,,613039.685194,,5740403.493607,,,,,,,,2017-11-30T10:00:00Z,,,0.278,,
385,,,,613054.59646,,5730760.039701,,,,,,,,2017-11-30T10:00:00Z,,,0.446,,
85,,,,613045.749104,,5730772.413997,,,,,,,,2017-11-30T10:00:00Z,,,0.271,,
83,,,,613037.40029,,5730784.131908,,,,,,,,2017-11-30T10:00:00Z,,,0.245,,
452,,,,613027.923847,,5730796.825914,,,,,,,,2017-11-30T10:00:00Z,,,0.248,,
531,,,,613019.575113,,5730808.543853,,,,,,,,2017-11-30T10:00:00Z,,,0.264,,
545,,,,613010.190272,,5730820.238578,,,,,,,,2017-11-30T10:00:00Z,,,0.279,,
539,,,,613001.750103,,5730832.955861,,,,,,,,2017-11-30T10:00:00Z,,,0.258,,
491,,,,612993.401485,,5730844.673843,,,,,,,,2017-11-30T10:00:00Z,,,0.26,,
497,,,,612983.925261,,5730857.36793,,,,,,,,2017-11-30T10:00:00Z,,,0.254,,
511,,,,612975.576723,,5730869.085941,,,,,,,,2017-11-30T10:00:00Z,,,0.242,,
472,,,,612967.134225,,5730881.914487,,,,,,,,2017-11-30T10:00:00Z,,,0.274,,
465,,,,612957.749636,,5730893.609307,,,,,,,,2017-11-30T10:00:00Z,,,0.206,,
555,,,,612949.309714,,5730906.326675,,,,,,,,2017-11-30T10:00:00Z,,,0.229,,
382,,,,612939.925209,,5730918.021527,,,,,,,,2017-11-30T10:00:00Z,,,0.202,,
376,,,,612931.576868,,5730929.739609,,,,,,,,2017-11-30T10:00:00Z,,,0.177,,
73,,,,612913.752689,,5730954.15192,,,,,,,,2017-11-30T10:00:00Z,,,0.081,,
66,,,,612905.312972,,5730966.86936,,,,,,,,2017-11-30T10:00:00Z,,,0.031,,
69,,,,612895.928677,,5730978.564293,,,,,,,,2017-11-30T10:00:00Z,,,0.012,,
72,,,,612887.580532,,5730990.282446,,,,,,,,2017-11-30T10:00:00Z,,,0.057,,
27,,,,612879.140939,,5731002.999929,,,,,,,,2017-11-30T10:00:00Z,,,0.081,,
421,,,,612229.200789,,5738687.44143,,,,,,,,2017-11-30T10:00:00Z,,,0.467,,
384,,,,612923.137068,,5730942.45702,,,,,,,,2017-11-30T10:00:00Z,,,0.048,,
477,,,,614054.563017,,5746385.947008,,,,,,,,2017-11-30T10:00:00Z,,,0.67,,
322,,,,612864.250166,,5740647.002917,,,,,,,,2017-11-30T10:00:00Z,,,0.015,,
311,,,,612872.677517,,5740634.174248,,,,,,,,2017-11-30T10:00:00Z,,,0.021,,
303,,,,612881.079928,,5740622.457678,,,,,,,,2017-11-30T10:00:00Z,,,0.024,,
345,,,,612890.47005,,5740609.761927,,,,,,,,2017-11-30T10:00:00Z,,,0.056,,
348,,,,612898.872541,,5740598.045386,,,,,,,,2017-11-30T10:00:00Z,,,0.141,,
354,,,,612908.262751,,5740585.349668,,,,,,,,2017-11-30T10:00:00Z,,,0.077,,
390,,,,612916.665322,,5740573.633156,,,,,,,,2017-11-30T10:00:00Z,,,0.021,,
435,,,,612925.090423,,5740560.915781,,,,,,,,2017-11-30T10:00:00Z,,,0.031,,
446,,,,612934.458271,,5740549.220987,,,,,,,,2017-11-30T10:00:00Z,,,0.046,,
442,,,,612942.86096,,5740537.504517,,,,,,,,2017-11-30T10:00:00Z,,,0.058,,
424,,,,612951.286184,,5740524.787185,,,,,,,,2017-11-30T10:00:00Z,,,0.078,,
469,,,,612960.654157,,5740513.092439,,,,,,,,2017-11-30T10:00:00Z,,,0.111,,
258,,,,592267.588101,,5746272.620602,,,,,,,,2017-11-30T10:00:00Z,,,0.406,,
536,,,,577332.855011,,5864584.144618,,,,,,,,2017-11-30T09:50:00Z,,,,216.0,
321,,,,573153.986862,,5824714.958109,,,,,,,,2017-11-30T10:00:00Z,,,,239.0,
142,,,,585819.536375,,5816113.72678,,,,,,,,2017-11-30T09:50:00Z,,,,193.0,
119,,,,569259.990992,,5760592.897371,,,,,,,,2017-11-30T09:50:00Z,,,,198.0,
151,,,,499770.915918,,5755106.396664,,,,,,,,2017-11-30T10:00:00Z,,,,231.0,
415,,,,521140.702135,,5732587.56863,,,,,,,,2017-11-30T09:50:00Z,,,,227.0,
200,,,,550476.805225,,5762198.872245,,,,,,,,2017-11-30T10:00:00Z,,,,209.0,
117,,,,747112.760101,,5933055.370355,,,,,,,,2017-11-30T09:50:00Z,,,,24.0,
399,,,,729232.26961,,5928667.617739,,,,,,,,2017-11-30T09:50:00Z,,,,1.0,
252,,,,729495.294804,,5932985.614934,,,,,,,,2017-11-30T09:50:00Z,,,,9.0,
407,,,,728627.341124,,5937960.033728,,,,,,,,2017-11-30T09:50:00Z,,,,68.0,
2,,,,743772.544318,,5935683.051801,,,,,,,,2017-11-30T09:50:00Z,,,,10.0,
537,,,,740446.114961,,5941794.906494,,,,,,,,2017-11-30T09:50:00Z,,,,74.0,
484,,,,709468.383028,,5943102.893473,,,,,,,,2017-11-30T09:50:00Z,,,,159.0,
447,,,,722736.89789,,5946464.71306,,,,,,,,2017-11-30T09:50:00Z,,,,154.0,
455,,,,732910.547324,,5947044.828293,,,,,,,,2017-11-30T09:50:00Z,,,,157.0,
121,,,,671833.018494,,5914784.678793,,,,,,,,2017-11-30T09:50:00Z,,,,1.0,
543,,,,679204.019579,,5919291.674522,,,,,,,,2017-11-30T09:50:00Z,,,,8.0,
95,,,,670679.510175,,5929298.158746,,,,,,,,2017-11-30T09:50:00Z,,,,136.0,
162,,,,671843.38573,,5925230.206729,,,,,,,,2017-11-30T09:50:00Z,,,,60.0,
308,,,,672860.98395,,5925495.337207,,,,,,,,2017-11-30T09:50:00Z,,,,93.0,
24,,,,674081.551409,,5929406.190141,,,,,,,,2017-11-30T09:50:00Z,,,,143.0,
42,,,,675181.287296,,5922714.709123,,,,,,,,2017-11-30T09:50:00Z,,,,41.0,
336,,,,664197.047545,,5934176.074746,,,,,,,,2017-11-30T09:50:00Z,,,,162.0,
55,,,,676213.80577,,5935841.82793,,,,,,,,2017-11-30T09:50:00Z,,,,161.0,
551,,,,640013.257003,,5910075.18959,,,,,,,,2017-11-30T09:50:00Z,,,,73.0,
379,,,,632487.215764,,5910020.899452,,,,,,,,2017-11-30T09:50:00Z,,,,163.0,
487,,,,496708.794769,,5963121.522201,,,,,,,,2017-11-30T09:50:00Z,,,,262.0,
290,,,,610710.616851,,5904280.789389,,,,,,,,2017-11-30T09:50:00Z,,,,197.0,
13,,,,551697.869815,,6141462.204302,,,,,,,,2017-11-30T09:50:00Z,,,,224.0,
437,,,,579110.499719,,5691582.110635,,,,,,,,2017-11-30T09:50:00Z,,,,9.0,
313,,,,552026.702428,,5689877.244714,,,,,,,,2017-11-30T09:50:00Z,,,,23.0,
479,,,,564014.587658,,5691679.138303,,,,,,,,2017-11-30T09:50:00Z,,,,11.0,
77,,,,548121.835951,,5698572.247605,,,,,,,,2017-11-30T09:50:00Z,,,,38.0,
109,,,,555857.066831,,5721177.616525,,,,,,,,2017-11-30T09:50:00Z,,,,18.0,
408,,,,566986.26297,,5717636.054271,,,,,,,,2017-11-30T09:50:00Z,,,,15.0,
185,,,,528967.395158,,5698499.023206,,,,,,,,2017-11-30T09:50:00Z,,,,189.0,
513,,,,526601.431059,,5691842.745781,,,,,,,,2017-11-30T09:50:00Z,,,,167.0,
264,,,,525656.536774,,5693475.304018,,,,,,,,2017-11-30T09:50:00Z,,,,158.0,
154,,,,521007.479126,,5694659.255283,,,,,,,,2017-11-30T09:30:00Z,,,,162.0,
400,,,,527627.821957,,5718787.045243,,,,,,,,2017-11-30T09:50:00Z,,,,213.0,
492,,,,508953.427904,,5690515.917835,,,,,,,,2017-11-30T09:30:00Z,,,,208.0,
369,,,,514460.661332,,5692042.245828,,,,,,,,2017-11-30T09:30:00Z,,,,173.0,
112,,,,503343.058604,,5693572.805199,,,,,,,,2017-11-30T09:30:00Z,,,,191.0,
74,,,,516799.91264,,5705757.192646,,,,,,,,2017-11-30T09:50:00Z,,,,208.0,
351,,,,461339.60857,,5692724.268226,,,,,,,,2017-11-30T09:30:00Z,,,,239.0,
174,,,,470268.462852,,5665664.409265,,,,,,,,2017-11-30T09:30:00Z,,,,173.0,
98,,,,479513.843302,,5688788.008948,,,,,,,,2017-11-30T09:30:00Z,,,,208.0,
11,,,,484039.216106,,5695763.096158,,,,,,,,2017-11-30T09:30:00Z,,,,249.0,
39,,,,573077.022007,,5824789.014549,,,,,,,,2017-11-30T10:00:00Z,,,,999999999.0,
140,,,,671502.169866,,5910827.656343,,,,,,,,2017-11-30T09:50:00Z,,,,999999999.0,
279,,,,672533.827605,,5918866.146068,,,,,,,,2017-11-30T09:50:00Z,,,,999999999.0,
176,,,,708909.382074,,5751262.38348,,,,,,,,2017-11-30T10:00:00Z,,,,,2249.6
507,,,,709103.533362,,5751470.183669,,,,,,,,2017-11-30T10:00:00Z,,,,,1064.48
474,,,,702969.539428,,5761495.132923,,,,,,,,2017-11-30T10:00:00Z,,,,,453.08
97,,,,633416.730866,,5720674.372878,,,,,,,,2017-11-30T09:40:00Z,,,,,0.07
475,,,,666288.867886,,5725681.356157,,,,,,,,2017-11-30T09:40:00Z,,,,,0.1
99,,,,685626.951177,,5708767.928826,,,,,,,,2017-11-30T09:40:00Z,,,,,0.17
126,,,,686621.816107,,5703051.662765,,,,,,,,2017-11-30T09:40:00Z,,,,,0.13
387,,,,684558.598341,,5703935.552472,,,,,,,,2017-11-13T11:30:00Z,,,,,16.35
166,,,,684101.515747,,5708353.968858,,,,,,,,2017-11-30T09:30:00Z,,,,,0.0
3,,,,686327.403796,,5708705.717448,,,,,,,,2017-11-30T09:30:00Z,,,,,0.2
291,,,,692668.906081,,5683786.395963,,,,,,,,2017-11-30T09:50:00Z,,,,,0.0
403,,,,691404.378528,,5689749.397756,,,,,,,,2017-11-30T09:50:00Z,,,,,1.6
287,,,,689061.33225,,5638791.854031,,,,,,,,2017-11-30T10:00:00Z,,,,,0.5
188,,,,670022.164259,,5699570.696335,,,,,,,,2017-11-30T09:00:00Z,,,,,0.54
163,,,,670055.815067,,5699690.479968,,,,,,,,2017-11-30T09:00:00Z,,,,,0.05
272,,,,596924.356201,,5727693.576083,,,,,,,,2017-11-30T10:00:00Z,,,,,1.64
44,,,,596872.087435,,5727761.881287,,,,,,,,2017-11-30T10:00:00Z,,,,,0.47
506,,,,708382.625118,,5836428.869423,,,,,,,,2017-11-30T09:50:00Z,,,,,0.0
460,,,,708372.462588,,5836433.559056,,,,,,,,2017-11-30T09:50:00Z,,,,,0.0
457,,,,708362.304833,,5836438.137517,,,,,,,,2017-11-30T09:50:00Z,,,,,0.0
71,,,,585894.447697,,5694263.77376,,,,,,,,2017-11-30T10:00:00Z,,,,,0.0
453,,,,560035.078677,,5710453.197915,,,,,,,,2017-11-30T10:00:00Z,,,,,0.0
